,NAME,ROUNDS,DRIVE_DISTANCE,PAR OR BETTER,MISSED GIR,US_OPEN_TOP_10,TOP 10,1ST,SCORING1,SCORING2,SCORING3,SCORING4,SCORING5,FWY_%1,FWY_%2,FWY_%3,FWY_%4,FWY_%5,GIR_%1,GIR_%2,GIR_%3,GIR_%4,GIR_%5,SG_P1,SG_P2,SG_P3,SG_P4,SG_P5,SG_TTG1,SG_TTG2,SG_TTG3,SG_TTG4,SG_TTG5,SG_T1,SG_T2,SG_T3,SG_T4,SG_T5,SCRAMBLING_P1,SCRAMBLING_P2,SCRAMBLING_P3,SCRAMBLING_P4,SCRAMBLING_P5
0,Aaron Baddeley,293,1165.8999999999999,1163,1852,10,11,1.0,70.888,71.483,70.85,70.783,,55.42,52.25,53.27,57.74,,63.11,62.57,63.39,63.33,,0.586,0.044,-0.057,0.654,,-0.33,-0.216,0.366,-0.34,,0.257,-0.172,0.309,0.313,,64.3,59.9,61.09,65.84,
1,Aaron Wise,162,605.5,481,884,3,5,1.0,70.247,70.739,,,,63.33,61.75,,,,68.81,68.6,,,,0.238,-0.146,,,,0.464,0.475,,,,0.703,0.329,,,,56.28,52.05,,,
2,Abraham Ancer,191,589.4000000000001,689,1105,4,9,0.0,70.659,70.58,,,,63.64,70.21,,,,66.49,66.79,,,,-0.056,-0.065,,,,0.376,0.58,,,,0.32,0.515,,,,62.69,61.98,,,
3,Adam Hadwin,369,1162.0,1294,2175,12,15,1.0,70.719,70.583,70.75,70.545,,63.62,63.2,65.6,67.77,,66.07,65.08,68.04,67.55,,0.53,0.409,0.106,0.252,,-0.011,0.143,0.49,0.091,,0.519,0.551,0.596,0.343,,58.27,62.82,58.59,57.62,
4,Adam Long,76,292.0,279,475,2,2,1.0,71.464,,,,,66.51,,,,,65.28,,,,,-0.369,,,,,-0.049,,,,,-0.418,,,,,58.74,,,,
5,Adam Schenk,188,606.3,595,1027,3,4,0.0,71.37,70.817,,,,57.67,61.27,,,,67.92,68.61,,,,0.13,0.341,,,,-0.28,0.146,,,,-0.15,0.487,,,,54.55,60.71,,,
6,Adam Scott,278,1215.5,869,1497,15,25,2.0,69.47,69.996,70.42,69.693,,55.55,56.65,62.51,59.91,,70.76,67.05,70.66,68.94,,-0.168,-0.097,-0.285,0.348,,2.062,1.103,1.064,1.483,,1.894,1.006,0.779,1.831,,59.5,58.43,54.85,59.82,
7,Alex Cejka,148,568.2,539,836,5,6,0.0,70.675,70.675,,,,65.89,66.49,,,,67.99,63.77,,,,0.01,0.009,,,,0.631,0.302,,,,0.642,0.312,,,,65.03,64.0,,,
8,Alex Noren,67,299.2,234,379,3,3,0.0,69.973,,,,,61.73,,,,,64.91,,,,,0.758,,,,,0.286,,,,,1.044,,,,,61.74,,,,
9,Anders Albertson,68,293.2,232,372,1,1,0.0,71.772,,,,,60.11,,,,,67.71,,,,,-0.307,,,,,-0.213,,,,,-0.52,,,,,62.37,,,,
10,Andrew Landry,82,291.1,282,495,4,5,1.0,71.059,,,,,62.92,,,,,65.63,,,,,-0.01,,,,,-0.029,,,,,-0.039,,,,,56.97,,,,
11,Andrew Loupe,130,620.6,450,870,5,5,0.0,71.423,72.803,,,,45.56,45.93,,,,63.41,59.83,,,,0.28,-0.242,,,,-0.395,-1.175,,,,-0.115,-1.416,,,,52.83,50.27,,,
12,Andrew Putnam,178,575.3,567,939,6,8,1.0,70.579,70.644,,,,60.42,60.64,,,,70.47,65.94,,,,0.052,0.7,,,,0.42,-0.164,,,,0.472,0.536,,,,61.52,59.23,,,
13,Anirban Lahiri,299,1172.9,1099,1916,6,9,0.0,71.139,70.799,70.66,71.698,,56.31,59.82,60.09,60.08,,62.88,63.43,64.7,62.96,,-0.02,-0.336,0.199,0.116,,0.088,0.149,-0.095,-0.869,,0.068,-0.186,0.104,-0.752,,56.4,55.06,58.35,59.57,
14,Austin Cook,175,583.3,625,1040,3,5,1.0,70.469,71.201,,,,66.76,70.26,,,,66.51,65.71,,,,0.315,-0.088,,,,0.254,-0.232,,,,0.569,-0.319,,,,62.02,56.96,,,
15,Beau Hossler,104,300.0,360,600,3,5,0.0,70.574,,,,,60.47,,,,,67.95,,,,,0.685,,,,,-0.101,,,,,0.584,,,,,60.0,,,,
16,Ben Crane,151,559.6,523,861,2,2,0.0,71.091,71.097,,,,67.97,67.52,,,,65.68,64.88,,,,-0.155,0.332,,,,-0.068,-0.157,,,,-0.223,0.176,,,,59.02,63.0,,,
17,Ben Martin,64,289.6,244,415,1,1,0.0,70.974,,,,,63.52,,,,,63.98,,,,,0.118,,,,,-0.119,,,,,-0.001,,,,,58.8,,,,
18,Ben Silverman,90,290.2,304,530,2,2,0.0,71.281,,,,,65.56,,,,,64.95,,,,,0.238,,,,,-0.444,,,,,-0.206,,,,,57.36,,,,
19,Bill Haas,331,1170.3,1174,1884,9,13,0.0,70.444,70.011,71.028,71.056,,62.34,59.27,57.27,61.33,,67.14,67.91,64.79,64.65,,-0.174,0.055,-0.059,0.055,,0.693,0.868,0.139,0.098,,0.519,0.923,0.079,0.153,,63.3,63.75,60.34,61.73,
20,Billy Horschel,346,1180.3,1063,1857,11,19,2.0,70.548,70.832,70.154,70.644,,60.71,60.07,67.8,64.71,,67.7,67.89,71.75,67.63,,0.112,0.084,0.392,0.522,,0.717,-0.08,0.72,0.307,,0.829,0.004,1.112,0.829,,54.55,54.33,58.03,61.38,
21,Billy Hurley III,80,276.9,308,524,1,1,0.0,71.176,,,,,60.57,,,,,63.61,,,,,0.374,,,,,-0.263,,,,,0.11,,,,,58.78,,,,
22,Blayne Barber,161,580.8,507,893,2,2,0.0,71.032,71.163,,,,62.37,61.62,,,,66.74,67.61,,,,0.01,0.402,,,,0.088,-0.389,,,,0.099,0.013,,,,57.62,55.8,,,
23,Boo Weekley,83,291.5,280,480,2,2,0.0,71.0,,,,,66.98,,,,,67.87,,,,,-0.225,,,,,0.307,,,,,0.082,,,,,58.33,,,,
24,Branden Grace,276,1181.6,894,1534,9,12,1.0,70.204,70.862,70.412,71.421,,55.14,58.47,63.49,57.22,,66.76,66.4,67.1,66.09,,-0.105,-0.248,0.35,-0.52,,0.96,0.518,0.463,0.413,,0.855,0.271,0.812,-0.107,,59.05,61.42,57.78,55.18,
25,Brandon Harkins,192,607.4000000000001,584,1070,3,4,0.0,70.721,71.519,,,,54.79,56.96,,,,65.67,67.67,,,,0.225,-0.481,,,,0.05,0.092,,,,0.275,-0.389,,,,55.88,53.0,,,
26,Brandt Snedeker,332,1154.5,1236,1987,13,21,2.0,70.203,70.055,70.379,70.52,,58.69,63.58,62.79,63.25,,65.67,67.11,65.04,64.93,,0.395,0.572,0.478,0.592,,0.573,0.506,0.147,0.37,,0.968,1.079,0.625,0.962,,62.73,63.18,60.08,63.04,
27,Brendan Steele,251,912.8999999999999,746,1339,8,9,2.0,70.855,70.503,71.021,,,60.29,62.88,60.47,,,68.72,67.26,69.24,,,-0.287,-0.013,-0.576,,,0.542,0.888,0.604,,,0.255,0.875,0.029,,,54.76,58.99,52.56,,
28,Brett Stegmaier,87,295.3,296,508,2,3,0.0,70.995,,,,,60.93,,,,,66.8,,,,,-0.061,,,,,0.109,,,,,0.048,,,,,58.27,,,,
29,Brian Gay,278,836.4999999999999,1079,1728,7,11,0.0,70.585,70.28,71.356,,,65.47,71.37,70.19,,,63.53,64.52,64.36,,,0.451,0.442,0.335,,,-0.168,0.123,-0.613,,,0.282,0.565,-0.278,,,62.3,63.26,61.65,,
30,Brian Harman,393,1159.8999999999999,1460,2409,15,21,1.0,70.996,70.402,70.536,71.016,,63.41,62.8,67.14,68.17,,64.85,63.78,67.59,64.17,,0.465,0.6,0.273,0.09,,-0.296,0.146,0.017,0.256,,0.169,0.746,0.29,0.346,,61.4,63.19,56.95,60.1,
31,Brian Stuard,375,1111.0,1374,2227,7,10,1.0,71.242,71.038,70.999,70.924,,71.07,71.44,71.09,73.31,,63.3,67.12,64.89,66.72,,-0.022,0.164,0.176,0.23,,-0.07,-0.101,0.217,0.085,,-0.093,0.062,0.393,0.315,,62.16,59.23,64.31,61.16,
32,Brice Garnett,186,584.0999999999999,604,1034,3,4,1.0,71.018,71.067,,,,64.45,71.45,,,,66.78,69.54,,,,-0.076,0.091,,,,-0.234,-0.125,,,,-0.31,-0.034,,,,58.63,58.15,,,
33,Bronson Burgoon,59,296.1,180,317,1,2,0.0,71.295,,,,,66.49,,,,,67.98,,,,,-0.291,,,,,-0.053,,,,,-0.344,,,,,56.78,,,,
34,Brooks Koepka,308,1236.1,1000,1696,19,29,6.0,69.956,69.847,69.444,69.395,,58.6,55.8,56.85,61.83,,66.98,63.47,68.28,69.97,,0.445,0.581,0.168,0.226,,0.648,0.623,1.052,1.14,,1.092,1.204,1.22,1.366,,55.53,56.27,63.28,62.25,
35,Bryce Molder,80,280.2,355,543,5,5,0.0,70.901,,,,,62.53,,,,,61.32,,,,,0.553,,,,,-0.013,,,,,0.54,,,,,65.38,,,,
36,Bryson DeChambeau,342,1231.3,1174,1972,11,25,7.0,70.866,69.646,70.177,69.728,,58.34,62.23,65.02,54.18,,65.48,69.65,66.2,67.15,,-0.193,0.346,0.372,0.456,,0.383,1.212,0.641,1.367,,0.19,1.558,1.013,1.823,,57.32,59.84,62.33,59.2,
37,Bubba Watson,298,1241.1000000000001,890,1603,12,17,4.0,70.333,71.175,70.384,70.71,,55.11,59.5,58.27,58.13,,69.16,62.87,68.21,66.76,,-0.367,-0.187,0.001,-0.344,,1.359,0.272,0.554,0.624,,0.992,0.085,0.555,0.281,,52.74,55.34,56.64,57.35,
38,Bud Cauley,229,884.6999999999999,817,1342,9,9,0.0,70.432,71.356,70.574,,,60.1,60.81,63.26,,,67.36,64.26,67.21,,,-0.273,0.367,-0.052,,,0.803,0.094,0.61,,,0.53,0.461,0.558,,,58.41,60.12,64.05,,
39,Byeong Hun An,243,915.3000000000001,823,1397,8,10,0.0,70.887,70.19,70.48,,,57.17,60.19,57.98,,,64.04,67.99,67.75,,,-0.375,-0.285,-0.583,,,0.964,1.091,1.402,,,0.589,0.805,0.819,,,56.22,61.16,59.28,,
40,C.T. Pan,172,572.2,644,1036,4,5,1.0,71.109,70.966,,,,64.2,64.77,,,,67.25,64.16,,,,-0.013,-0.062,,,,-0.074,0.12,,,,-0.087,0.059,,,,60.55,63.71,,,
41,Cameron Champ,78,317.9,219,420,3,3,1.0,71.393,,,,,55.3,,,,,69.3,,,,,-0.099,,,,,-0.276,,,,,-0.374,,,,,52.14,,,,
42,Cameron Percy,127,588.1,369,626,2,3,0.0,71.03,70.909,,,,60.18,63.66,,,,69.91,69.56,,,,-0.205,-0.205,,,,0.123,0.49,,,,-0.082,0.285,,,,60.23,57.3,,,
43,Cameron Smith,250,885.2,929,1545,11,14,1.0,70.909,70.517,70.814,,,56.26,57.03,59.36,,,63.14,63.18,63.66,,,0.084,0.115,0.157,,,0.418,0.104,0.167,,,0.502,0.219,0.324,,,58.64,61.12,60.74,,
44,Cameron Tringale,243,862.9,802,1363,4,6,0.0,71.256,71.343,70.796,,,59.57,58.15,60.53,,,65.66,64.39,69.66,,,0.057,0.125,0.204,,,-0.081,-0.265,0.342,,,-0.024,-0.14,0.546,,,57.14,58.83,61.13,,
45,Camilo Villegas,76,288.7,308,494,2,2,0.0,70.881,,,,,54.37,,,,,61.88,,,,,0.4,,,,,-0.182,,,,,0.218,,,,,62.35,,,,
46,Carlos Ortiz,84,301.0,280,475,2,3,0.0,71.069,,,,,62.3,,,,,67.82,,,,,0.079,,,,,0.046,,,,,0.125,,,,,58.95,,,,
47,Chad Campbell,187,573.5,670,1056,5,6,0.0,70.566,70.509,,,,64.39,67.21,,,,68.15,69.07,,,,-0.223,-0.286,,,,0.768,0.691,,,,0.544,0.405,,,,62.21,64.63,,,
48,Chad Collins,139,560.7,574,930,2,3,0.0,71.532,71.77,,,,57.41,59.31,,,,62.4,60.93,,,,-0.004,0.079,,,,-0.448,-0.533,,,,-0.452,-0.454,,,,60.53,63.07,,,
49,Charl Schwartzel,201,895.3,718,1213,8,11,1.0,70.004,70.211,71.349,,,56.86,54.31,55.19,,,68.73,61.76,61.11,,,-0.137,0.257,0.081,,,1.18,0.504,-0.276,,,1.043,0.761,-0.195,,,59.64,60.05,57.88,,
50,Charles Howell III,375,1204.0,1264,2046,17,19,1.0,70.418,70.371,70.219,70.483,,52.6,54.72,62.59,62.83,,68.01,67.01,69.33,70.51,,0.152,0.172,0.219,0.291,,0.549,0.32,0.582,0.518,,0.701,0.492,0.801,0.809,,60.88,62.63,60.87,62.94,
51,Charley Hoffman,277,892.5,920,1632,7,10,1.0,70.658,70.351,71.361,,,54.8,58.56,58.26,,,64.58,66.62,66.51,,,-0.092,-0.012,-0.158,,,0.617,0.903,0.216,,,0.525,0.892,0.057,,,57.75,56.55,54.27,,
52,Chase Wright,75,299.1,230,398,2,2,0.0,71.233,,,,,62.62,,,,,67.95,,,,,0.379,,,,,-0.369,,,,,0.01,,,,,57.79,,,,
53,Chesson Hadley,179,597.6,607,1047,9,10,0.0,70.311,71.453,,,,60.07,59.75,,,,67.68,64.64,,,,0.208,0.23,,,,0.65,-0.357,,,,0.859,-0.128,,,,56.6,59.66,,,
54,Chez Reavie,470,1427.9,1573,2566,13,16,1.0,70.661,70.244,70.432,70.247,71.075,68.22,71.4,72.24,75.72,74.11,68.09,67.31,68.67,67.93,67.13,-0.262,0.417,0.192,0.062,-0.445,0.762,0.423,0.483,0.762,0.632,0.5,0.84,0.674,0.824,0.187,62.75,63.33,62.27,59.7,58.35
55,Chris Kirk,287,862.7,1002,1653,9,10,0.0,70.92,71.255,70.411,,,62.02,63.93,64.64,,,64.05,66.73,68.24,,,-0.006,-0.074,0.073,,,0.66,-0.155,0.659,,,0.653,-0.228,0.732,,,62.73,54.73,63.53,,
56,Chris Stroud,219,862.9000000000001,734,1253,5,8,1.0,71.101,70.815,71.644,,,60.7,65.7,58.29,,,66.6,66.2,62.99,,,0.15,-0.126,0.022,,,-0.029,0.139,-0.752,,,0.121,0.013,-0.729,,,56.96,59.33,59.81,,
57,Cody Gribble,79,297.2,283,517,2,2,1.0,71.581,,,,,54.77,,,,,62.7,,,,,0.461,,,,,-0.985,,,,,-0.524,,,,,54.74,,,,
58,Colt Knost,90,269.7,333,538,2,3,0.0,70.785,,,,,73.36,,,,,65.25,,,,,0.395,,,,,-0.077,,,,,0.318,,,,,61.9,,,,
59,Corey Conners,187,600.6,521,916,4,5,1.0,70.743,70.775,,,,62.99,66.92,,,,70.19,73.06,,,,-0.385,-0.576,,,,0.579,1.196,,,,0.193,0.62,,,,57.52,56.12,,,
60,Curtis Luck,65,289.4,237,399,1,1,0.0,72.001,,,,,55.91,,,,,62.43,,,,,0.446,,,,,-1.55,,,,,-1.104,,,,,59.4,,,,
61,D.A. Points,68,278.1,226,406,1,1,1.0,71.315,,,,,65.83,,,,,66.83,,,,,-0.478,,,,,0.071,,,,,-0.406,,,,,55.67,,,,
62,Daniel Berger,334,1194.0,1136,1901,10,14,2.0,70.339,70.121,70.32,70.443,,56.68,60.03,64.58,65.48,,67.67,66.67,66.89,65.15,,0.175,0.149,0.319,-0.043,,0.718,0.761,0.497,0.322,,0.893,0.91,0.816,0.28,,56.95,61.63,58.94,61.84,
63,Daniel Summerhays,250,862.2,917,1628,3,4,0.0,70.771,71.197,73.177,,,58.65,63.67,54.69,,,63.02,63.42,56.79,,,0.592,0.11,0.736,,,-0.356,-0.062,-2.84,,,0.236,0.049,-2.105,,,57.21,56.22,54.86,,
64,Danny Lee,357,1169.7,1250,2153,9,12,0.0,71.118,70.86,71.196,70.997,,64.05,62.72,62.65,57.08,,63.95,66.1,65.05,66.74,,-0.221,0.247,0.156,-0.24,,0.489,0.078,-0.099,0.102,,0.268,0.325,0.058,-0.137,,57.19,55.43,60.81,58.97,
65,Danny Willett,63,293.8,225,383,1,2,0.0,70.828,,,,,59.57,,,,,66.23,,,,,-0.13,,,,,0.513,,,,,0.383,,,,,58.75,,,,
66,David Hearn,309,1126.6000000000001,1014,1694,4,7,0.0,70.87,71.107,71.325,71.697,,65.94,66.75,66.63,69.92,,68.25,64.71,68.89,67.49,,0.214,-0.052,-0.127,-0.157,,0.311,-0.044,0.095,-0.458,,0.525,-0.096,-0.031,-0.615,,61.14,61.85,55.65,58.55,
67,David Lingmerth,84,284.8,305,512,1,2,0.0,71.05,,,,,67.36,,,,,63.99,,,,,0.055,,,,,0.206,,,,,0.261,,,,,59.57,,,,
68,David Toms,62,269.7,235,385,1,1,0.0,70.872,,,,,67.98,,,,,65.5,,,,,0.132,,,,,0.248,,,,,0.38,,,,,61.04,,,,
69,Denny McCarthy,160,586.2,535,857,3,3,0.0,70.861,70.546,,,,63.45,65.84,,,,68.17,65.98,,,,0.449,0.926,,,,-0.355,-0.239,,,,0.094,0.687,,,,59.83,64.31,,,
70,Derek Fathauer,259,863.8000000000001,964,1716,3,4,0.0,71.073,71.568,71.827,,,52.02,55.49,53.27,,,62.0,62.81,60.35,,,0.356,0.094,0.363,,,-0.791,-0.74,-1.17,,,-0.435,-0.647,-0.807,,,59.1,53.78,54.99,,
71,Doc Redman,84,294.0,290,467,1,4,0.0,71.123,,,,,64.87,,,,,65.86,,,,,-0.002,,,,,-0.021,,,,,-0.023,,,,,62.1,,,,
72,Dominic Bozzelli,142,590.8,491,844,4,5,0.0,71.49,71.023,,,,56.57,60.19,,,,61.97,66.92,,,,-0.033,0.847,,,,-0.417,-0.997,,,,-0.449,-0.15,,,,57.75,58.65,,,
73,Dustin Johnson,389,1567.5,1269,2099,31,51,12.0,69.172,69.549,68.698,69.895,69.619,57.17,56.97,59.46,55.57,57.87,67.82,69.52,70.57,66.98,66.67,0.281,0.019,0.385,0.096,0.429,1.646,1.862,1.987,1.225,0.824,1.928,1.882,2.372,1.321,1.253,59.58,62.76,62.5,57.93,59.95
74,Emiliano Grillo,362,1178.5,1126,1982,10,13,1.0,70.637,70.798,70.152,70.814,,66.93,65.44,70.16,68.13,,68.52,66.99,68.84,68.73,,-0.056,-0.173,0.546,-0.633,,0.534,0.532,0.587,1.051,,0.479,0.359,1.133,0.418,,55.1,55.71,61.05,55.13,
75,Fabián Gómez,82,289.0,292,516,3,4,1.0,71.346,,,,,61.44,,,,,63.71,,,,,0.213,,,,,-0.249,,,,,-0.037,,,,,56.59,,,,
76,Francesco Molinari,200,867.8,733,1182,9,11,1.0,70.436,69.802,70.974,,,63.76,70.14,66.45,,,64.93,67.28,63.58,,,-0.296,-0.089,-0.211,,,0.859,1.453,0.25,,,0.562,1.364,0.038,,,60.4,62.74,62.99,,
77,Freddie Jacobson,86,280.3,328,544,3,3,0.0,70.809,,,,,59.03,,,,,64.86,,,,,0.487,,,,,-0.414,,,,,0.072,,,,,60.29,,,,
78,Gary Woodland,372,1235.4,1125,1952,15,20,2.0,70.234,70.482,70.161,70.229,,56.69,59.31,63.69,63.41,,68.74,69.48,70.51,69.05,,-0.162,-0.381,0.007,-0.143,,1.065,1.04,1.059,1.025,,0.903,0.659,1.066,0.882,,60.16,58.28,54.45,57.48,
79,Geoff Ogilvy,80,286.5,272,447,1,1,0.0,71.056,,,,,62.59,,,,,65.51,,,,,0.043,,,,,-0.195,,,,,-0.152,,,,,60.85,,,,
80,Graeme McDowell,205,860.4999999999999,732,1211,8,9,2.0,70.899,71.001,70.591,,,67.7,64.92,62.69,,,64.44,64.5,64.79,,,-0.199,0.478,0.731,,,0.021,0.219,-0.346,,,-0.178,0.697,0.385,,,58.85,59.95,62.22,,
81,Graham DeLaet,152,599.0,440,806,7,9,0.0,71.074,70.376,,,,60.11,63.68,,,,68.35,68.57,,,,-0.227,0.291,,,,0.347,0.477,,,,0.12,0.768,,,,52.39,56.51,,,
82,Grayson Murray,166,615.5,578,1070,3,4,1.0,71.064,72.091,,,,56.01,56.0,,,,63.95,62.5,,,,-0.082,-0.35,,,,0.146,0.014,,,,0.064,-0.336,,,,53.77,54.32,,,
83,Greg Chalmers,56,282.8,213,403,1,1,0.0,72.531,,,,,58.9,,,,,56.94,,,,,0.79,,,,,-2.056,,,,,-1.266,,,,,52.85,,,,
84,Greg Owen,85,297.7,228,441,1,1,0.0,71.677,,,,,59.22,,,,,69.75,,,,,-0.987,,,,,0.534,,,,,-0.453,,,,,51.7,,,,
85,Hank Lebioda,76,294.0,219,388,1,1,0.0,71.002,,,,,65.64,,,,,69.21,,,,,-0.28,,,,,0.447,,,,,0.167,,,,,56.44,,,,
86,Harold Varner III,267,912.2,908,1559,6,10,0.0,71.045,70.971,70.716,,,59.33,59.02,59.97,,,66.24,67.79,67.21,,,-0.357,-0.024,-0.202,,,0.481,0.149,0.429,,,0.124,0.125,0.227,,,56.53,58.14,60.33,,
87,Harris English,360,1202.8999999999999,1323,2189,8,15,2.0,70.463,70.848,71.162,70.115,,55.01,51.42,58.99,64.29,,64.83,63.96,63.32,65.76,,0.594,0.374,0.222,0.544,,0.04,-0.336,-0.406,0.441,,0.634,0.038,-0.184,0.984,,60.1,59.43,57.86,64.02,
88,Harry Higgs,82,298.9,294,523,1,2,0.0,71.212,,,,,57.26,,,,,63.68,,,,,0.243,,,,,-0.075,,,,,0.169,,,,,56.21,,,,
89,Henrik Stenson,118,574.2,352,572,8,8,0.0,69.617,70.089,,,,75.19,72.13,,,,73.51,66.11,,,,-0.207,0.106,,,,1.36,0.866,,,,1.153,0.971,,,,60.67,62.3,,,
90,Hideki Matsuyama,325,1202.8,1069,1726,16,26,4.0,70.034,69.624,70.022,69.841,,62.04,58.61,62.82,61.28,,68.11,69.01,69.29,69.38,,-0.025,-0.345,0.132,0.011,,1.315,1.613,1.064,1.487,,1.29,1.267,1.196,1.498,,60.86,61.56,60.8,64.12,
91,Hiroshi Iwata,85,288.8,359,605,1,1,0.0,71.693,,,,,58.34,,,,,59.5,,,,,0.174,,,,,-0.817,,,,,-0.643,,,,,59.34,,,,
92,Hudson Swafford,257,907.2,795,1440,5,6,1.0,70.875,70.618,71.35,,,61.43,60.27,57.66,,,68.8,68.21,66.76,,,0.205,-0.005,-0.031,,,0.093,0.319,-0.167,,,0.298,0.314,-0.198,,,54.97,55.53,55.13,,
93,Ian Poulter,210,868.6,717,1161,8,12,1.0,70.045,70.593,70.502,,,62.55,66.41,63.6,,,64.46,67.01,66.86,,,0.025,0.223,0.425,,,0.911,0.627,0.339,,,0.936,0.85,0.764,,,67.36,57.11,59.83,,
94,J.B. Holmes,315,1234.8,1074,1885,9,13,1.0,70.523,70.66,70.789,71.735,,51.68,51.27,57.13,56.5,,65.17,62.57,65.26,65.57,,-0.129,-0.032,-0.207,-0.752,,0.633,0.708,0.756,0.302,,0.504,0.676,0.549,-0.45,,56.68,56.64,57.14,57.5,
95,J.J. Henry,231,874.7,677,1183,3,4,0.0,71.164,71.372,72.135,,,62.58,66.22,65.06,,,69.44,70.52,66.67,,,-0.43,-0.569,-0.657,,,0.258,0.376,-0.535,,,-0.172,-0.193,-1.192,,,56.66,54.77,61.22,,
96,J.J. Spaun,343,1165.8,1065,1833,9,10,0.0,70.999,70.525,71.034,71.855,,65.11,66.18,63.56,68.99,,67.12,69.48,68.36,67.36,,-0.027,-0.149,-0.021,-0.398,,-0.045,0.441,0.051,0.004,,-0.072,0.292,0.03,-0.394,,59.14,55.76,59.53,57.68,
97,J.T. Poston,268,890.0,912,1518,4,6,1.0,70.982,70.915,70.633,,,59.44,61.53,62.89,,,65.52,68.31,66.84,,,-0.117,0.135,0.212,,,0.147,0.003,0.294,,,0.031,0.138,0.506,,,59.07,57.53,62.83,,
98,James Hahn,338,1180.6,1169,1989,7,13,1.0,71.245,70.925,70.896,70.897,,60.71,63.14,63.73,66.94,,64.58,66.09,68.29,68.81,,-0.243,0.036,-0.152,0.165,,0.043,0.223,0.431,0.028,,-0.199,0.26,0.279,0.193,,55.72,60.58,59.62,59.29,
99,Jamie Lovemark,281,912.9000000000001,1043,1714,11,12,0.0,70.896,70.391,70.734,,,57.32,57.39,56.92,,,65.32,66.09,64.65,,,0.131,-0.017,0.01,,,0.373,0.76,0.378,,,0.504,0.743,0.388,,,61.44,60.07,61.07,,
100,Jason Bohn,67,276.3,228,406,3,3,0.0,71.126,,,,,67.56,,,,,66.33,,,,,0.032,,,,,-0.252,,,,,-0.22,,,,,56.16,,,,
101,Jason Day,291,1222.4,974,1612,18,26,5.0,69.313,70.115,69.603,70.212,,50.46,53.94,58.32,61.76,,67.23,63.72,65.28,69.7,,1.13,0.354,0.77,0.356,,0.987,0.58,0.515,0.477,,2.118,0.935,1.285,0.833,,61.92,57.77,62.35,59.6,
102,Jason Dufner,339,1175.0,1037,1823,11,12,2.0,70.212,70.259,71.323,71.336,,62.83,63.76,63.3,67.79,,70.15,67.21,64.24,70.76,,-0.353,-0.001,-0.058,-0.494,,0.84,0.654,0.068,0.479,,0.488,0.653,0.011,-0.015,,56.39,57.85,58.25,54.88,
103,Jason Kokrak,377,1229.6999999999998,1197,2104,10,14,0.0,70.57,70.961,70.444,70.431,,58.41,59.32,58.06,62.74,,68.66,66.78,70.37,68.77,,-0.288,-0.405,0.022,-0.018,,0.813,0.458,0.517,1.054,,0.525,0.052,0.539,1.036,,58.37,53.87,55.11,60.67,
104,Jeff Overton,69,285.0,269,423,1,1,0.0,71.466,,,,,59.25,,,,,63.85,,,,,-0.416,,,,,-0.076,,,,,-0.492,,,,,63.59,,,,
105,Jerry Kelly,76,278.2,292,456,1,2,0.0,70.937,,,,,71.2,,,,,66.67,,,,,-0.214,,,,,0.381,,,,,0.167,,,,,64.04,,,,
106,Jhonattan Vegas,359,1217.6000000000001,1173,2015,9,13,2.0,70.903,71.054,71.275,70.765,,56.57,57.67,57.91,58.93,,69.71,65.93,65.17,69.29,,0.072,-0.413,-0.059,-0.156,,0.498,0.506,0.089,0.782,,0.571,0.093,0.03,0.626,,58.97,57.61,58.6,57.54,
107,Jim Furyk,229,1107.7,798,1302,6,9,0.0,70.13,71.071,70.342,70.09,,69.09,72.07,69.91,74.45,,68.27,66.12,63.19,69.28,,0.067,0.187,0.389,0.113,,0.463,-0.036,0.023,0.784,,0.53,0.151,0.412,0.897,,57.24,60.45,62.58,64.1,
108,Jim Herman,170,583.6,581,1006,4,4,1.0,71.206,70.931,,,,65.59,69.02,,,,65.65,68.07,,,,-0.318,-0.127,,,,0.111,0.495,,,,-0.207,0.368,,,,58.96,56.15,,,
109,Jim Knous,57,296.5,178,308,1,1,0.0,71.483,,,,,55.21,,,,,67.71,,,,,-0.249,,,,,-0.123,,,,,-0.372,,,,,57.79,,,,
110,Jimmy Walker,234,896.0,848,1460,8,10,1.0,70.393,71.155,70.786,,,48.31,56.59,53.49,,,63.96,63.57,61.9,,,0.222,0.135,0.324,,,0.671,0.138,0.033,,,0.892,0.273,0.357,,,57.71,57.25,59.09,,
111,Joaquin Niemann,98,301.5,333,552,1,4,0.0,70.621,,,,,61.72,,,,,68.06,,,,,-0.17,,,,,0.84,,,,,0.67,,,,,60.33,,,,
112,Joel Dahmen,100,292.4,330,575,2,2,0.0,70.932,,,,,68.51,,,,,66.72,,,,,-0.102,,,,,0.187,,,,,0.085,,,,,57.39,,,,
113,Joey Garber,63,293.9,213,345,1,2,0.0,71.713,,,,,62.52,,,,,66.37,,,,,-0.234,,,,,-0.45,,,,,-0.684,,,,,61.74,,,,
114,John Huh,272,858.9,987,1613,6,7,0.0,71.104,70.851,70.718,,,68.3,64.09,63.83,,,66.21,65.78,65.8,,,-0.187,0.124,0.167,,,0.136,-0.026,0.083,,,-0.051,0.099,0.251,,,62.09,63.65,57.94,,
115,John Senden,88,289.7,285,482,1,1,0.0,70.717,,,,,60.07,,,,,68.86,,,,,0.321,,,,,0.13,,,,,0.451,,,,,59.13,,,,
116,Johnson Wagner,221,860.9,655,1146,3,6,0.0,70.781,71.429,70.847,,,61.13,63.18,67.08,,,69.38,66.93,71.55,,,0.273,0.12,0.488,,,0.096,-0.456,-0.483,,,0.368,-0.336,0.005,,,57.81,55.73,57.91,,
117,Jon Curran,99,271.9,417,659,3,3,0.0,71.145,,,,,64.35,,,,,63.02,,,,,0.407,,,,,-0.354,,,,,0.053,,,,,63.28,,,,
118,Jon Rahm,236,920.3000000000001,726,1203,20,28,3.0,69.561,69.958,69.618,,,58.66,59.2,62.5,,,68.61,70.12,69.04,,,0.256,-0.151,0.336,,,1.522,1.039,1.17,,,1.778,0.889,1.505,,,63.33,57.18,59.63,,
119,Jonas Blixt,235,868.5,895,1496,4,4,1.0,71.19,71.283,70.875,,,57.79,60.1,64.31,,,60.96,61.51,65.13,,,0.527,0.536,0.13,,,-0.613,-0.877,-0.008,,,-0.086,-0.341,0.122,,,61.05,58.56,59.75,,
120,Jonathan Byrd,55,281.6,197,307,1,1,0.0,71.49,,,,,58.25,,,,,65.19,,,,,-0.412,,,,,-0.349,,,,,-0.762,,,,,64.17,,,,
121,Jonathan Randolph,139,577.0999999999999,516,884,2,2,0.0,71.642,71.945,,,,64.25,62.18,,,,62.87,60.43,,,,-0.076,0.115,,,,-0.34,-0.992,,,,-0.416,-0.877,,,,56.77,59.83,,,
122,Jordan Spieth,328,1186.0,1156,1853,18,29,5.0,69.52,68.846,69.904,70.453,,58.14,60.0,61.55,53.12,,63.52,70.01,70.47,62.8,,0.758,0.278,-0.034,0.862,,0.811,1.646,0.863,-0.403,,1.569,1.924,0.83,0.459,,63.93,61.76,61.63,62.0,
123,Julián Etulain,68,293.5,221,377,1,1,0.0,71.338,,,,,63.34,,,,,66.75,,,,,0.078,,,,,-0.385,,,,,-0.307,,,,,58.62,,,,
124,Justin Rose,267,1211.5,894,1476,22,31,3.0,70.148,69.699,68.993,69.825,,57.9,58.32,66.02,60.14,,67.92,68.06,69.95,64.78,,-0.197,-0.063,0.424,0.504,,1.325,1.295,1.527,0.739,,1.128,1.232,1.952,1.243,,58.1,58.97,63.03,62.09,
125,Justin Thomas,438,1528.9,1434,2389,24,43,11.0,70.571,69.359,69.118,69.466,69.773,53.94,55.05,58.41,59.98,55.72,65.63,67.16,68.77,70.68,67.79,-0.185,0.332,0.272,-0.186,0.026,0.506,1.479,1.563,1.817,1.418,0.32,1.811,1.835,1.631,1.444,55.56,60.39,62.47,61.32,61.81
126,K.H. Lee,92,286.2,282,489,2,2,0.0,71.307,,,,,66.01,,,,,67.66,,,,,-0.096,,,,,-0.011,,,,,-0.107,,,,,57.67,,,,
127,K.J. Choi,73,275.3,280,455,2,2,0.0,71.093,,,,,66.18,,,,,65.37,,,,,0.349,,,,,-0.145,,,,,0.204,,,,,61.54,,,,
128,Keegan Bradley,373,1197.9,1153,2006,10,15,1.0,70.741,70.437,70.303,70.849,,64.57,66.78,67.9,66.35,,69.58,68.63,69.18,68.5,,-0.631,-0.216,-0.358,-0.516,,0.929,0.769,1.151,0.663,,0.298,0.553,0.793,0.147,,54.57,59.03,56.78,59.14,
129,Keith Mitchell,185,615.8,581,1022,6,7,1.0,70.92,71.021,,,,58.59,60.38,,,,69.42,67.34,,,,-0.504,-0.338,,,,0.486,0.592,,,,-0.018,0.254,,,,56.55,57.17,,,
130,Kelly Kraft,256,870.7,915,1618,6,9,0.0,71.491,71.333,71.529,,,60.06,65.84,61.65,,,63.15,63.83,62.41,,,-0.157,0.075,0.054,,,-0.524,-0.395,-0.769,,,-0.681,-0.32,-0.715,,,53.5,58.93,56.57,,
131,Ken Duke,58,280.2,208,396,2,2,0.0,71.88,,,,,64.18,,,,,59.26,,,,,-0.524,,,,,-0.21,,,,,-0.734,,,,,52.53,,,,
132,Kevin Chappell,265,909.9,904,1572,11,17,1.0,70.501,70.779,70.839,,,60.68,58.78,61.27,,,66.37,65.25,66.52,,,-0.307,-0.303,-0.344,,,1.077,0.841,0.668,,,0.77,0.538,0.323,,,59.15,56.84,56.28,,
133,Kevin Kisner,388,1155.6999999999998,1308,2179,17,23,3.0,70.489,70.294,70.729,70.416,,64.92,67.76,66.33,69.39,,65.19,66.38,65.38,66.99,,0.672,0.388,0.513,0.45,,-0.124,0.656,-0.476,0.221,,0.548,1.043,0.037,0.671,,56.88,62.06,60.29,61.06,
134,Kevin Na,338,1142.5,1211,1997,15,20,2.0,70.298,70.399,70.288,71.144,,65.3,61.26,64.13,64.05,,66.73,65.51,64.66,64.44,,0.074,0.265,0.533,0.089,,0.553,0.513,0.268,-0.002,,0.627,0.778,0.801,0.087,,58.53,61.1,63.62,58.85,
135,Kevin Streelman,451,1465.6,1413,2427,12,17,0.0,71.054,70.873,70.436,70.763,70.341,64.37,66.01,69.11,67.99,66.32,69.17,66.67,71.56,69.75,69.21,-0.326,-0.281,-0.25,-0.251,-0.008,0.45,0.45,0.868,0.919,0.681,0.124,0.169,0.619,0.669,0.673,52.97,60.04,60.93,59.86,57.14
136,Kevin Tway,290,923.0999999999999,972,1654,6,8,1.0,70.868,70.8,71.02,,,52.48,52.61,55.26,,,64.71,66.88,67.01,,,0.261,0.052,-0.131,,,0.172,0.277,0.274,,,0.433,0.329,0.143,,,59.03,56.77,61.05,,
137,Kiradech Aphibarnrat,116,587.0999999999999,448,741,5,5,0.0,70.629,70.911,,,,65.12,63.25,,,,62.2,61.65,,,,0.138,0.337,,,,0.373,-0.254,,,,0.511,0.083,,,,55.59,64.02,,,
138,Kramer Hickok,79,291.0,275,456,1,1,0.0,71.243,,,,,69.25,,,,,67.1,,,,,-0.604,,,,,0.317,,,,,-0.287,,,,,60.31,,,,
139,Kris Ventura,78,304.7,253,479,1,2,0.0,72.182,,,,,57.6,,,,,61.98,,,,,0.435,,,,,-1.373,,,,,-0.938,,,,,52.82,,,,
140,Kyle Reifers,115,287.3,362,647,4,5,0.0,70.965,,,,,65.29,,,,,67.62,,,,,0.12,,,,,0.057,,,,,0.177,,,,,55.95,,,,
141,Kyle Stanley,278,881.1,823,1436,9,11,1.0,69.989,70.404,71.094,,,68.55,71.29,69.08,,,70.39,71.09,67.47,,,-0.309,0.037,-0.297,,,1.259,0.649,0.285,,,0.951,0.686,-0.013,,,58.35,54.8,58.65,,
142,Louis Oosthuizen,346,1484.1999999999998,1139,1855,12,23,0.0,70.327,70.22,70.157,70.259,69.714,61.67,61.29,64.81,66.93,63.47,68.15,65.23,65.74,66.84,67.64,-0.021,0.53,-0.026,0.169,0.764,0.857,0.705,0.548,0.608,0.835,0.836,1.234,0.521,0.777,1.599,54.21,63.14,64.26,60.47,63.81
143,Lucas Glover,327,1190.7000000000003,1062,1747,11,14,0.0,70.534,70.139,71.066,70.083,,64.37,65.37,65.06,66.14,,71.63,69.94,67.12,68.15,,-0.192,-0.026,-0.186,0.164,,0.764,0.944,0.462,0.812,,0.572,0.918,0.276,0.976,,57.18,60.16,59.83,64.73,
144,Luke Donald,131,561.4,528,845,2,3,0.0,70.918,70.831,,,,56.69,56.5,,,,64.61,61.92,,,,0.148,0.704,,,,0.23,-0.657,,,,0.378,0.047,,,,64.15,59.88,,,
145,Luke Guthrie,57,289.3,221,365,1,1,0.0,71.416,,,,,55.53,,,,,63.13,,,,,0.404,,,,,-0.847,,,,,-0.444,,,,,60.55,,,,
146,Luke List,345,1246.3,1114,1933,14,14,0.0,70.754,70.428,70.229,71.223,,50.98,55.63,54.66,53.06,,67.17,69.1,68.36,65.43,,-0.273,-0.426,-0.467,-0.28,,0.709,1.117,1.337,0.482,,0.436,0.691,0.87,0.202,,60.88,56.33,58.41,54.59,
147,Mackenzie Hughes,186,591.5,677,1135,4,4,1.0,71.044,70.907,,,,59.63,57.98,,,,64.74,65.28,,,,0.492,-0.014,,,,-0.32,-0.03,,,,0.172,-0.044,,,,58.64,61.05,,,
148,Marc Leishman,352,1188.3,1243,2036,16,22,3.0,70.554,69.468,70.26,70.434,,60.55,57.94,60.17,59.39,,65.31,67.04,66.67,67.21,,0.252,0.356,0.126,0.302,,0.258,1.066,0.498,0.531,,0.51,1.422,0.624,0.833,,60.34,61.42,59.07,64.0,
149,Mark Anderson,54,283.8,197,322,1,1,0.0,71.5,,,,,59.97,,,,,65.6,,,,,-0.016,,,,,-0.309,,,,,-0.325,,,,,61.18,,,,
150,Martin Flores,88,300.6,244,428,1,2,0.0,70.885,,,,,52.79,,,,,70.64,,,,,0.242,,,,,-0.257,,,,,-0.015,,,,,57.01,,,,
151,Martin Laird,326,1193.3,1077,1797,10,15,0.0,70.867,70.45,70.839,70.866,,55.14,65.66,63.22,63.09,,67.66,65.86,65.9,69.86,,0.158,0.253,0.282,0.019,,0.148,0.576,0.189,0.204,,0.306,0.829,0.47,0.223,,58.37,60.98,59.15,61.06,
152,Martin Piller,138,578.8,531,915,4,4,0.0,71.813,71.929,,,,58.97,58.51,,,,64.33,60.39,,,,0.518,0.119,,,,-0.997,-1.246,,,,-0.479,-1.127,,,,58.47,57.74,,,
153,Martin Trainer,63,303.8,246,434,1,1,1.0,72.343,,,,,50.76,,,,,60.47,,,,,-0.041,,,,,-1.39,,,,,-1.431,,,,,56.68,,,,
154,Matt Every,79,294.2,251,478,1,1,0.0,72.044,,,,,55.5,,,,,64.59,,,,,-0.364,,,,,-0.775,,,,,-1.139,,,,,52.51,,,,
155,Matt Fitzpatrick,54,287.9,189,331,1,2,0.0,70.525,,,,,66.06,,,,,63.94,,,,,-0.054,,,,,0.941,,,,,0.887,,,,,57.1,,,,
156,Matt Jones,88,294.1,326,505,1,2,0.0,70.81,,,,,62.17,,,,,66.6,,,,,0.12,,,,,0.508,,,,,0.628,,,,,64.55,,,,
157,Matt Kuchar,370,1148.7,1284,2026,22,31,2.0,69.844,69.806,70.461,69.916,,65.67,65.94,63.27,67.41,,67.82,66.73,66.81,69.38,,0.381,0.332,0.348,0.302,,0.933,0.84,0.228,0.76,,1.314,1.173,0.576,1.062,,61.51,65.34,63.6,63.04,
158,Matthew Wolff,60,315.9,181,347,1,2,0.0,71.333,,,,,51.04,,,,,64.95,,,,,0.141,,,,,-0.309,,,,,-0.168,,,,,52.16,,,,
159,Max Homa,82,300.2,293,502,2,2,1.0,71.11,,,,,57.48,,,,,65.14,,,,,-0.006,,,,,0.087,,,,,0.082,,,,,58.37,,,,
160,Michael Kim,94,289.6,327,556,1,1,0.0,70.707,,,,,59.71,,,,,65.68,,,,,0.229,,,,,0.017,,,,,0.247,,,,,58.81,,,,
161,Michael Thompson,131,573.2,490,804,5,5,0.0,71.207,70.662,,,,61.72,69.12,,,,63.69,65.73,,,,0.84,0.339,,,,-1.013,0.087,,,,-0.173,0.426,,,,58.74,62.79,,,
162,Morgan Hoffmann,92,293.9,347,577,1,1,0.0,71.107,,,,,60.39,,,,,63.57,,,,,0.078,,,,,-0.138,,,,,-0.06,,,,,60.14,,,,
163,Nate Lashley,70,289.6,247,398,1,2,1.0,70.692,,,,,65.19,,,,,67.48,,,,,0.304,,,,,0.219,,,,,0.523,,,,,62.06,,,,
164,Nicholas Lindheim,77,293.5,214,397,1,1,0.0,71.344,,,,,60.44,,,,,68.04,,,,,0.355,,,,,-0.678,,,,,-0.323,,,,,53.9,,,,
165,Nick Taylor,371,1172.6,1303,2137,6,8,0.0,71.281,70.817,71.269,70.697,,57.21,61.66,60.94,61.68,,65.82,66.14,67.65,67.26,,-0.154,-0.191,-0.312,0.33,,0.086,0.342,0.077,0.122,,-0.068,0.151,-0.235,0.452,,59.26,61.83,61.83,60.77,
166,Nick Watney,256,910.0999999999999,814,1405,4,5,0.0,70.685,70.862,70.908,,,55.67,56.33,59.29,,,66.43,67.96,68.61,,,-0.113,0.2,0.012,,,0.284,0.143,0.121,,,0.171,0.343,0.133,,,58.99,55.68,59.49,,
167,Ollie Schniederjans,183,602.0999999999999,644,1115,6,8,0.0,70.704,70.641,,,,51.89,52.22,,,,66.03,62.77,,,,-0.019,0.325,,,,0.402,-0.071,,,,0.383,0.254,,,,58.65,56.95,,,
168,Padraig Harrington,54,289.6,216,360,1,1,0.0,71.032,,,,,60.66,,,,,62.96,,,,,-0.342,,,,,0.275,,,,,-0.067,,,,,60.0,,,,
169,Pat Perez,347,1160.1,1195,1953,13,15,2.0,70.25,70.594,71.059,70.71,,62.0,65.09,65.28,62.03,,66.17,67.78,65.32,66.26,,0.346,0.115,0.535,0.372,,0.515,-0.163,-0.248,0.22,,0.862,-0.048,0.288,0.592,,63.14,55.63,61.76,63.12,
170,Patrick Cantlay,216,906.7,684,1113,15,20,2.0,69.971,69.899,69.306,,,61.47,61.58,57.34,,,69.21,70.69,67.21,,,0.159,-0.182,0.386,,,1.111,1.278,1.471,,,1.269,1.096,1.857,,,60.15,57.58,66.12,,
171,Patrick Reed,399,1187.9,1512,2410,18,27,3.0,70.17,70.453,70.106,70.208,,55.96,57.18,55.11,60.1,,64.65,62.17,63.57,66.22,,0.28,0.577,0.164,0.261,,0.746,0.399,0.783,0.615,,1.026,0.976,0.947,0.876,,63.97,61.23,62.94,62.99,
172,Patrick Rodgers,317,1210.1,1032,1825,8,10,0.0,70.833,71.432,70.731,71.365,,57.74,52.9,61.14,57.24,,69.22,65.84,65.65,64.71,,-0.193,-0.066,0.561,0.428,,0.504,-0.65,-0.328,-0.197,,0.311,-0.716,0.232,0.231,,58.17,53.63,57.22,57.1,
173,Patton Kizzire,345,1177.9,1143,2044,12,13,2.0,70.921,71.598,70.841,71.292,,55.23,52.54,55.59,60.71,,64.48,63.52,69.04,63.96,,0.442,-0.103,0.03,0.642,,-0.039,-0.475,-0.063,-0.74,,0.403,-0.578,-0.033,-0.098,,56.24,54.31,55.24,57.92,
174,Paul Casey,324,1195.4,1029,1677,16,28,2.0,69.95,69.469,69.85,69.821,,64.67,64.13,63.14,67.68,,70.8,70.06,67.84,70.96,,0.112,0.133,0.133,-0.092,,1.26,1.41,0.833,1.453,,1.372,1.543,0.966,1.361,,61.44,64.12,60.58,58.67,
175,Peter Malnati,172,571.9,678,1118,4,4,1.0,71.686,70.762,,,,60.54,54.62,,,,62.09,63.99,,,,0.491,0.467,,,,-1.143,-0.088,,,,-0.652,0.379,,,,58.79,62.64,,,
176,Peter Uihlein,167,599.7,541,928,6,6,0.0,70.578,71.512,,,,52.93,50.55,,,,67.88,66.03,,,,0.021,0.345,,,,0.247,-0.526,,,,0.268,-0.181,,,,57.87,58.7,,,
177,Phil Mickelson,313,1194.8999999999999,1135,1912,17,19,2.0,69.582,70.168,70.098,71.331,,54.82,55.05,52.91,50.77,,66.05,62.85,64.88,64.17,,0.565,0.337,0.51,-0.16,,0.799,0.711,0.42,-0.278,,1.364,1.048,0.931,-0.438,,64.32,60.0,58.36,54.26,
178,Rafa Cabrera Bello,209,876.4,727,1232,8,11,0.0,70.693,69.887,70.78,,,61.43,67.85,64.52,,,62.69,70.16,62.99,,,0.473,0.273,0.043,,,-0.326,0.839,0.376,,,0.147,1.112,0.419,,,59.8,57.98,59.16,,
179,Retief Goosen,112,588.0,384,657,2,2,0.0,71.425,71.409,,,,57.79,55.22,,,,63.89,61.75,,,,-0.425,-0.411,,,,0.035,-0.085,,,,-0.39,-0.497,,,,60.2,56.98,,,
180,Richy Werenski,268,876.6,879,1490,3,6,0.0,71.171,71.185,71.104,,,65.92,65.06,61.26,,,67.42,66.97,65.93,,,0.0,-0.109,0.074,,,-0.223,-0.014,-0.221,,,-0.223,-0.124,-0.147,,,60.6,56.49,60.31,,
181,Rickie Fowler,308,1204.8000000000002,1077,1724,21,30,2.0,70.118,69.083,69.435,69.955,,58.69,63.91,65.33,60.62,,69.26,67.03,69.52,67.76,,0.153,0.852,0.296,0.541,,1.224,1.134,0.98,0.525,,1.378,1.987,1.275,1.066,,62.21,63.86,63.05,60.77,
182,Ricky Barnes,162,578.2,564,958,3,5,0.0,70.784,71.663,,,,54.27,47.15,,,,65.77,63.75,,,,0.385,0.338,,,,-0.091,-0.703,,,,0.295,-0.365,,,,59.86,57.4,,,
183,Robert Garrigus,149,611.2,462,834,2,4,0.0,70.848,71.457,,,,53.91,56.37,,,,69.32,65.28,,,,-0.2,-0.569,,,,0.836,0.356,,,,0.637,-0.213,,,,53.48,56.84,,,
184,Robert Streb,178,583.0,612,1028,2,5,0.0,70.7,71.629,,,,57.58,60.93,,,,65.19,66.13,,,,0.003,-0.237,,,,0.075,-0.187,,,,0.078,-0.424,,,,58.91,60.36,,,
185,Roberto Castro,173,568.0,579,948,5,6,0.0,70.588,71.127,,,,69.37,67.5,,,,69.13,68.44,,,,-0.257,-0.079,,,,0.844,0.088,,,,0.587,0.009,,,,60.11,62.35,,,
186,Roberto Díaz,73,287.4,238,391,1,2,0.0,71.207,,,,,67.85,,,,,66.58,,,,,0.162,,,,,-0.285,,,,,-0.123,,,,,60.87,,,,
187,Rod Pampling,71,287.8,243,460,1,1,1.0,71.861,,,,,60.83,,,,,64.01,,,,,-0.518,,,,,-0.158,,,,,-0.677,,,,,52.83,,,,
188,Roger Sloan,88,295.8,311,528,1,3,0.0,71.034,,,,,61.83,,,,,65.08,,,,,0.101,,,,,-0.081,,,,,0.02,,,,,58.9,,,,
189,Rory McIlroy,333,1576.5,1125,1847,24,42,7.0,69.646,69.529,69.303,69.057,70.043,61.06,55.06,55.79,61.82,57.36,69.62,65.63,66.3,68.55,65.77,-0.207,-0.304,0.06,0.425,0.187,1.888,1.382,1.351,2.126,1.181,1.681,1.078,1.412,2.551,1.368,58.7,62.29,62.97,63.38,57.89
190,Rory Sabbatini,188,581.7,670,1069,5,7,0.0,70.693,70.409,,,,62.05,66.92,,,,67.85,66.91,,,,0.059,0.154,,,,0.299,0.667,,,,0.358,0.82,,,,61.36,63.9,,,
191,Russell Henley,252,886.6,812,1412,8,12,1.0,70.558,70.027,70.489,,,63.15,63.66,70.03,,,68.27,67.81,68.77,,,0.193,0.434,0.167,,,0.366,0.506,0.374,,,0.56,0.939,0.541,,,61.06,57.12,54.33,,
192,Russell Knox,436,1446.5000000000002,1385,2290,12,15,2.0,70.319,70.765,70.568,70.521,70.923,68.51,67.62,67.7,65.9,66.17,69.73,66.59,69.57,69.06,70.41,-0.054,-0.349,-0.088,-0.176,-0.26,0.56,0.165,0.471,0.726,0.453,0.506,-0.183,0.383,0.55,0.194,61.86,57.48,59.43,62.09,61.43
193,Ryan Armour,201,561.4,711,1149,2,4,1.0,70.758,70.888,,,,73.58,73.81,,,,68.22,67.57,,,,-0.058,0.19,,,,0.395,0.001,,,,0.337,0.19,,,,60.13,63.87,,,
194,Ryan Blaum,171,578.2,577,993,3,3,0.0,70.993,71.302,,,,64.31,62.5,,,,66.1,64.97,,,,0.025,0.194,,,,-0.058,-0.338,,,,-0.033,-0.145,,,,55.46,60.54,,,
195,Ryan Moore,320,1142.6000000000001,1114,1858,13,18,1.0,70.317,70.741,70.015,70.974,,66.52,67.9,71.94,75.53,,65.78,65.05,68.8,68.17,,0.351,-0.017,-0.271,0.062,,0.544,0.319,1.211,0.765,,0.895,0.301,0.941,0.826,,60.12,56.74,64.16,59.2,
196,Ryan Palmer,290,1211.6999999999998,908,1584,10,15,1.0,70.229,71.116,71.031,70.679,,57.88,57.76,59.11,60.67,,67.83,66.46,65.61,68.35,,-0.094,-1.159,-0.528,0.041,,0.868,1.03,0.297,0.434,,0.774,-0.129,-0.231,0.475,,57.63,56.88,55.38,59.31,
197,Ryo Ishikawa,56,288.8,214,370,1,1,0.0,71.99,,,,,51.92,,,,,63.29,,,,,-0.204,,,,,-0.928,,,,,-1.132,,,,,57.84,,,,
198,Sam Burns,168,612.5,574,982,3,11,1.0,70.995,70.184,,,,57.17,58.9,,,,64.74,67.79,,,,0.369,0.579,,,,-0.32,0.669,,,,0.05,1.248,,,,59.6,57.29,,,
199,Sam Ryder,158,591.2,488,817,3,5,0.0,70.914,70.912,,,,66.91,63.62,,,,72.08,67.98,,,,-0.349,0.427,,,,0.503,0.035,,,,0.154,0.462,,,,56.47,62.89,,,
200,Sam Saunders,156,596.4000000000001,516,904,3,6,0.0,70.921,70.794,,,,64.69,60.14,,,,65.24,65.02,,,,0.138,0.094,,,,-0.068,0.132,,,,0.071,0.226,,,,58.45,55.79,,,
201,Satoshi Kodaira,51,293.6,175,343,1,1,1.0,72.182,,,,,65.53,,,,,60.3,,,,,-0.645,,,,,-1.187,,,,,-1.832,,,,,51.02,,,,
202,Scott Brown,371,1162.7,1304,2238,12,12,0.0,71.098,70.932,71.329,70.96,,63.65,63.89,62.03,65.41,,65.03,64.35,65.65,66.53,,0.01,0.276,0.049,0.073,,0.0,-0.344,-0.71,-0.077,,0.011,-0.068,-0.661,-0.004,,59.03,59.08,54.79,60.73,
203,Scott Langley,78,271.3,303,506,1,1,0.0,71.605,,,,,69.02,,,,,62.01,,,,,0.13,,,,,-0.897,,,,,-0.767,,,,,59.88,,,,
204,Scott Piercy,331,1182.8,1023,1794,14,15,1.0,70.855,71.235,70.736,70.333,,59.41,59.68,65.68,67.61,,67.33,66.75,69.72,70.09,,-0.292,-0.526,-0.569,0.146,,0.479,0.251,0.859,0.485,,0.187,-0.275,0.29,0.631,,57.29,49.88,55.96,63.93,
205,Scott Stallings,333,1189.8,1107,1896,6,8,0.0,70.966,70.811,70.719,71.443,,56.95,57.04,56.57,58.97,,66.11,67.89,65.62,66.74,,-0.305,-0.32,-0.07,-0.329,,0.443,0.339,0.341,0.251,,0.138,0.02,0.27,-0.078,,58.08,55.51,60.86,58.46,
206,Seamus Power,166,598.5,611,979,4,4,0.0,70.869,72.026,,,,55.19,56.26,,,,65.17,62.19,,,,0.498,0.057,,,,-0.319,-0.776,,,,0.178,-0.719,,,,63.8,61.02,,,
207,Sean O'Hair,240,902.4000000000001,831,1444,7,9,0.0,70.677,70.801,71.479,,,58.84,60.61,60.09,,,67.17,66.4,63.84,,,0.208,0.107,-0.207,,,0.163,0.269,-0.026,,,0.371,0.376,-0.233,,,57.79,57.28,57.56,,
208,Sebastián Muñoz,86,298.8,266,457,2,3,0.0,70.907,,,,,59.8,,,,,68.26,,,,,0.076,,,,,0.268,,,,,0.343,,,,,58.21,,,,
209,Sergio Garcia,172,904.3,528,904,10,12,2.0,69.999,69.596,70.321,,,61.76,62.33,58.82,,,70.15,69.62,63.26,,,-0.388,-0.311,-0.078,,,1.189,1.356,0.824,,,0.801,1.045,0.746,,,57.66,61.65,55.33,,
210,Seth Reeves,73,311.4,217,400,1,1,0.0,72.156,,,,,57.22,,,,,66.83,,,,,-0.475,,,,,-0.964,,,,,-1.439,,,,,54.25,,,,
211,Seung-Yul Noh,176,593.8,615,1056,4,4,0.0,71.061,70.955,,,,49.12,53.09,,,,64.54,65.58,,,,0.176,0.244,,,,-0.149,-0.058,,,,0.026,0.186,,,,57.25,59.18,,,
212,Shane Lowry,57,298.7,186,345,2,2,0.0,70.64,,,,,61.85,,,,,64.51,,,,,0.113,,,,,0.556,,,,,0.669,,,,,53.91,,,,
213,Shawn Stefani,319,1181.6,1061,1767,5,5,0.0,71.287,70.983,71.192,70.958,,58.4,60.53,56.52,61.89,,66.48,67.48,67.49,69.96,,-0.336,-0.057,-0.034,-0.159,,0.191,0.014,0.141,0.252,,-0.144,-0.043,0.107,0.093,,60.57,59.55,58.43,61.56,
214,Si Woo Kim,388,1166.5,1449,2431,12,17,2.0,70.56,72.253,71.367,70.963,,62.84,57.03,60.68,62.95,,64.83,59.63,63.78,64.91,,-0.102,-0.392,-0.168,-0.06,,0.605,-0.573,0.077,0.194,,0.503,-0.965,-0.092,0.134,,62.32,55.41,57.23,63.51,
215,Smylie Kaufman,167,603.8,538,978,4,5,1.0,71.015,71.432,,,,52.91,54.79,,,,66.29,65.26,,,,0.113,-0.137,,,,0.231,-0.04,,,,0.344,-0.177,,,,54.87,55.18,,,
216,Spencer Levin,104,281.3,360,606,2,2,0.0,70.927,,,,,67.79,,,,,66.33,,,,,0.008,,,,,0.23,,,,,0.238,,,,,59.41,,,,
217,Steve Marino,72,292.0,237,416,1,2,0.0,71.467,,,,,58.46,,,,,66.01,,,,,0.067,,,,,-0.555,,,,,-0.487,,,,,56.97,,,,
218,Steve Stricker,53,278.0,233,353,2,3,0.0,69.996,,,,,63.23,,,,,63.0,,,,,0.62,,,,,0.101,,,,,0.721,,,,,66.01,,,,
219,Steve Wheatcroft,51,280.5,210,330,1,1,0.0,71.577,,,,,68.24,,,,,60.99,,,,,0.479,,,,,-0.641,,,,,-0.162,,,,,63.64,,,,
220,Steven Bowditch,71,288.9,286,582,1,1,0.0,74.262,,,,,43.02,,,,,54.46,,,,,0.131,,,,,-3.34,,,,,-3.209,,,,,49.14,,,,
221,Stewart Cink,270,901.4,865,1510,5,9,2.0,70.213,70.44,70.576,,,55.13,57.6,56.42,,,68.76,68.58,69.44,,,0.286,-0.345,0.164,,,0.725,0.81,0.299,,,1.011,0.465,0.463,,,57.93,55.69,58.18,,
222,Sung Kang,368,1182.4,1282,2242,9,11,1.0,70.856,70.496,71.954,71.101,,59.36,59.65,56.72,60.72,,65.26,66.07,63.2,66.14,,0.186,0.154,-0.235,-0.088,,-0.182,0.325,-0.806,0.118,,0.004,0.478,-1.041,0.03,,59.74,56.98,52.4,59.96,
223,Sungjae Im,122,295.9,444,688,6,7,0.0,70.252,,,,,65.45,,,,,67.61,,,,,0.323,,,,,0.7,,,,,1.023,,,,,64.53,,,,
224,Søren Kjeldsen,58,273.6,173,335,1,1,0.0,71.39,,,,,69.21,,,,,62.02,,,,,0.473,,,,,-0.655,,,,,-0.182,,,,,51.64,,,,
225,Talor Gooch,54,297.4,176,292,2,2,0.0,70.629,,,,,58.68,,,,,69.96,,,,,0.111,,,,,0.259,,,,,0.37,,,,,60.27,,,,
226,"Ted Potter, Jr.",87,286.0,333,579,1,1,1.0,71.024,,,,,66.83,,,,,63.03,,,,,0.074,,,,,-0.169,,,,,-0.094,,,,,57.51,,,,
227,Tiger Woods,68,303.6,256,399,2,7,1.0,69.35,,,,,59.35,,,,,67.4,,,,,0.266,,,,,1.33,,,,,1.596,,,,,64.16,,,,
228,Tim Wilkinson,72,279.3,275,432,1,1,0.0,70.704,,,,,62.36,,,,,64.71,,,,,0.335,,,,,0.226,,,,,0.561,,,,,63.66,,,,
229,Tom Hoge,236,866.0,847,1410,6,7,0.0,71.444,71.326,70.945,,,55.81,55.99,62.43,,,62.48,66.06,63.62,,,-0.07,0.019,-0.162,,,-0.254,-0.293,0.235,,,-0.323,-0.274,0.074,,,58.46,60.14,61.41,,
230,Tom Lovelady,87,315.9,250,480,1,2,0.0,71.252,,,,,54.73,,,,,67.08,,,,,-0.049,,,,,-0.14,,,,,-0.19,,,,,52.08,,,,
231,Tommy Fleetwood,144,605.5999999999999,462,745,8,12,0.0,69.342,69.729,,,,64.98,64.02,,,,69.36,66.93,,,,0.324,0.169,,,,1.282,1.11,,,,1.606,1.279,,,,55.77,67.98,,,
232,Tony Finau,492,1551.5,1615,2729,16,35,2.0,70.797,69.987,69.52,69.955,69.972,52.48,57.53,55.09,56.94,56.29,65.09,68.96,70.18,67.46,67.1,-0.088,-0.133,0.232,-0.103,0.09,0.216,1.28,1.203,0.871,1.04,0.128,1.147,1.435,0.768,1.13,57.96,59.38,57.22,62.2,59.47
233,Trey Mullinax,163,627.9000000000001,508,917,4,4,0.0,71.027,70.815,,,,54.59,54.94,,,,67.01,65.38,,,,-0.057,0.072,,,,0.063,-0.144,,,,0.006,-0.072,,,,56.26,54.42,,,
234,Troy Merritt,235,875.8999999999999,804,1386,5,8,1.0,71.674,70.888,70.95,,,60.89,62.93,66.43,,,63.13,65.16,68.85,,,0.244,0.077,0.085,,,-0.608,0.132,0.336,,,-0.364,0.209,0.421,,,57.93,57.6,58.77,,
235,Tyler Duncan,186,582.5999999999999,539,979,3,3,0.0,71.04,71.577,,,,66.74,69.63,,,,69.65,68.47,,,,-0.566,-0.565,,,,0.583,-0.193,,,,0.017,-0.758,,,,52.76,57.54,,,
236,Tyrone Van Aswegen,311,865.5,1077,1815,3,4,0.0,71.189,71.181,71.243,,,52.91,59.79,56.98,,,64.81,66.38,65.23,,,-0.064,-0.32,-0.01,,,0.055,0.103,-0.313,,,-0.009,-0.217,-0.323,,,60.84,58.94,58.08,,
237,Tyrrell Hatton,120,595.4000000000001,396,678,5,7,0.0,70.091,70.585,,,,61.84,62.96,,,,66.46,66.28,,,,0.335,-0.192,,,,0.603,0.681,,,,0.938,0.489,,,,62.58,54.55,,,
238,Vaughn Taylor,248,856.0,878,1473,5,8,1.0,71.028,70.692,70.45,,,61.59,67.51,69.03,,,64.43,67.02,66.85,,,-0.424,-0.08,0.636,,,0.457,0.299,0.096,,,0.033,0.219,0.732,,,54.66,59.91,63.54,,
239,Vijay Singh,72,289.8,273,483,1,2,0.0,71.057,,,,,56.73,,,,,62.73,,,,,-0.094,,,,,0.222,,,,,0.128,,,,,56.52,,,,
240,Webb Simpson,425,1447.6,1584,2448,14,29,1.0,70.359,70.018,69.293,69.377,69.901,62.17,66.26,62.34,66.82,67.08,67.14,65.49,67.93,65.81,69.37,-0.482,0.049,0.692,0.608,0.435,1.149,0.893,0.741,0.899,0.818,0.667,0.942,1.432,1.507,1.253,59.42,65.2,66.1,66.88,64.95
241,Wesley Bryan,95,279.8,392,647,4,5,1.0,71.062,,,,,57.87,,,,,60.5,,,,,0.34,,,,,-0.337,,,,,0.002,,,,,60.59,,,,
242,Whee Kim,322,1147.7,1157,1970,6,8,0.0,71.472,70.964,71.477,72.474,,63.48,55.37,61.11,62.07,,65.74,62.58,63.55,66.18,,-0.219,0.443,0.427,0.042,,0.01,-0.651,-0.864,-1.332,,-0.209,-0.208,-0.437,-1.29,,58.0,62.27,58.56,55.71,
243,Will MacKenzie,84,285.6,277,484,1,1,0.0,71.402,,,,,60.81,,,,,66.39,,,,,-0.479,,,,,0.176,,,,,-0.304,,,,,57.23,,,,
244,Will Wilcox,67,292.9,249,428,2,2,0.0,71.055,,,,,59.34,,,,,63.42,,,,,-0.027,,,,,-0.062,,,,,-0.089,,,,,58.18,,,,
245,Will Zalatoris,90,307.4,292,477,1,8,0.0,70.065,,,,,56.4,,,,,69.54,,,,,-0.066,,,,,1.184,,,,,1.118,,,,,61.22,,,,
246,William McGirt,271,862.0999999999999,913,1521,10,13,1.0,70.393,71.151,70.791,,,65.28,69.96,59.89,,,67.35,67.2,67.59,,,0.36,-0.025,0.2,,,0.598,-0.072,-0.021,,,0.958,-0.098,0.178,,,60.76,56.53,62.86,,
247,Wyndham Clark,87,311.8,319,521,2,3,0.0,70.595,,,,,56.37,,,,,65.95,,,,,0.64,,,,,-0.227,,,,,0.413,,,,,61.23,,,,
248,Xander Schauffele,352,1223.4,1154,1956,12,25,4.0,70.163,70.486,69.834,69.859,,58.82,59.77,60.29,58.83,,68.0,65.59,68.39,68.64,,0.402,0.196,0.244,0.48,,0.479,0.448,1.149,1.004,,0.881,0.644,1.393,1.484,,57.55,57.81,62.23,59.21,
249,Xinjun Zhang,81,298.7,259,445,1,1,0.0,71.486,,,,,65.33,,,,,67.04,,,,,-0.437,,,,,-0.297,,,,,-0.734,,,,,58.2,,,,
250,Zac Blair,204,548.0,816,1273,3,3,0.0,71.49,71.007,,,,69.86,69.7,,,,62.34,64.7,,,,0.195,0.035,,,,-0.565,-0.078,,,,-0.37,-0.044,,,,62.73,65.5,,,
251,Zach Johnson,413,1433.3,1518,2487,10,15,0.0,70.364,70.393,69.911,70.644,70.401,65.23,67.53,63.88,66.59,62.5,64.53,64.21,67.43,62.59,66.87,0.395,0.417,0.206,-0.087,0.667,0.214,0.215,0.829,0.546,-0.024,0.609,0.631,1.035,0.459,0.642,62.11,59.88,62.35,61.95,58.88
