,NAME,ROUNDS,SCORING,DRIVE_DISTANCE,FWY_%,GIR_%,SG_P,SG_TTG,SG_T,SCRAMBLING_P,PAR OR BETTER,MISSED GIR,US_OPEN_TOP_10,POINTS,TOP 10,1ST,Year
0,Rory McIlroy,66,68.827,310.5,59.93,69.44,.274,1.992,2.266,58.52,206,352,6,3050,12,3,2014
1,Sergio Garcia,61,68.950,294.3,62.19,68.68,.167,1.818,1.984,66.67,218,327,5,815,10,,2014
2,Jim Furyk,84,69.200,279.3,73.18,68.75,.091,1.705,1.796,69.33,312,450,5,2450,11,,2014
3,Adam Scott,68,69.205,303.5,61.51,68.79,.220,1.500,1.720,60.73,232,382,6,835,10,1,2014
4,Matt Kuchar,91,69.416,283.8,67.37,66.92,.457,1.117,1.573,62.40,327,524,9,1300,11,1,2014
5,Dustin Johnson,58,69.546,311.0,57.18,68.03,.082,1.249,1.331,59.76,196,328,7,210,7,1,2014
6,Justin Rose,70,69.624,295.1,59.92,66.91,-.040,1.506,1.466,61.23,248,405,5,850,8,1,2014
7,Jason Day,54,69.626,301.2,58.72,64.00,.317,1.073,1.389,64.95,202,311,3,1200,6,1,2014
8,Graeme McDowell,66,69.642,278.0,69.20,65.77,.882,.289,1.171,60.47,231,382,5,1256,8,,2014
9,Charl Schwartzel,64,69.671,297.8,59.45,63.53,.055,1.286,1.341,61.67,251,407,3,1405,5,,2014
10,Bubba Watson,76,69.712,314.3,60.47,67.96,-.050,1.402,1.352,59.14,249,421,7,2285,8,2,2014
11,Jimmy Walker,98,69.789,301.0,51.67,67.59,.479,.774,1.253,58.39,327,560,8,1668,10,3,2014
12,Graham DeLaet,80,69.943,303.4,62.07,70.68,-.093,1.262,1.168,58.75,245,417,6,1553,7,,2014
13,Jordan Spieth,102,69.946,289.7,58.79,62.47,.399,.581,.980,62.39,413,662,6,698,8,,2014
14,Ryan Palmer,85,69.993,300.4,58.55,66.67,.295,.971,1.265,58.24,297,510,5,730,8,,2014
15,Kevin Na,94,69.996,280.3,64.32,64.72,.315,.638,.954,65.16,389,597,5,528,6,,2014
16,Keegan Bradley,89,70.031,302.2,62.36,66.67,.254,.740,.994,62.31,329,528,4,1621,6,,2014
17,Brendon Todd,108,70.049,280.3,64.85,63.99,.664,.129,.793,63.57,445,700,5,508,7,1,2014
18,Brooks Koepka,56,70.052,307.0,56.91,64.98,.162,.797,.958,57.51,203,353,2,,2,,2014
19,Hideki Matsuyama,82,70.083,294.8,61.52,64.03,-.393,1.545,1.152,60.42,313,518,4,475,4,1,2014
20,Harris English,95,70.094,299.2,59.95,68.36,-.028,.706,.677,57.44,301,524,6,1662,7,1,2014
21,Russell Knox,92,70.111,285.7,67.60,68.00,-.116,.938,.822,63.40,336,530,3,1480,3,,2014
22,Bill Haas,107,70.132,291.9,62.94,68.62,.147,.943,1.090,60.37,358,593,3,655,5,,2014
23,Charles Howell III,106,70.134,304.1,52.77,67.66,.037,.717,.755,61.26,378,617,6,1592,6,,2014
24,Chris Kirk,105,70.150,291.0,62.78,63.46,.374,.489,.862,63.30,433,684,3,3100,5,2,2014
25,Marc Leishman,81,70.152,297.6,57.97,65.21,-.017,.766,.749,57.29,287,501,3,1240,6,,2014
26,Zach Johnson,97,70.159,282.2,70.51,67.42,.106,.751,.857,60.75,342,563,4,650,5,1,2014
27,Henrik Stenson,56,70.166,293.2,68.78,69.03,-.170,1.162,.992,51.83,156,301,2,1315,3,,2014
28,Rickie Fowler,91,70.172,297.5,59.93,64.51,.290,.480,.769,62.06,337,543,4,1225,10,,2014
29,Webb Simpson,87,70.234,288.5,62.24,65.28,.300,.580,.880,59.05,310,525,6,525,9,1,2014
30,George McNeill,79,70.248,286.1,62.22,66.17,.271,.528,.799,58.21,280,481,3,1352,4,,2014
31,Gary Woodland,93,70.249,304.1,59.49,66.55,-.149,1.049,.900,60.11,333,554,4,595,5,,2014
32,John Senden,99,70.270,288.9,64.25,67.85,.476,.328,.805,60.21,345,573,4,585,5,1,2014
33,Jason Kokrak,65,70.307,303.4,55.64,65.38,.222,.686,.908,59.75,242,405,2,932,2,,2014
34,Ryan Moore,86,70.344,284.7,69.92,67.99,.042,.794,.836,57.64,279,484,4,1534,7,1,2014
35,Jerry Kelly,80,70.349,277.5,66.49,65.56,.239,.288,.527,62.10,308,496,3,1175,4,,2014
36,David Toms,64,70.350,275.1,75.49,68.73,.055,.405,.460,61.60,215,349,2,502,2,,2014
37,Brian Harman,111,70.391,289.0,60.96,64.26,.113,.403,.515,59.66,426,714,5,1571,6,1,2014
38,Charley Hoffman,93,70.464,299.2,58.69,67.08,.266,.691,.956,59.53,328,551,4,1291,5,,2014
39,Kevin Chappell,100,70.466,296.2,64.90,67.59,-.278,.970,.692,57.32,321,560,1,1268,1,,2014
40,Martin Kaymer,65,70.468,294.9,61.27,64.58,-.111,.355,.244,53.43,218,408,3,655,4,2,2014
41,Chris Stroud,88,70.476,285.8,63.93,65.21,.182,.236,.418,61.89,341,551,3,1344,4,,2014
42,Robert Streb,75,70.502,300.0,59.62,65.65,.119,.319,.438,59.00,259,439,1,966,2,,2014
43,Carl Pettersson,91,70.520,295.5,58.79,66.67,-.138,.397,.259,57.33,313,546,2,1173,4,,2014
44,Billy Horschel,92,70.521,291.6,67.04,70.43,.220,.518,.738,55.32,265,479,2,4750,5,2,2014
45,Brian Stuard,91,70.549,283.4,66.14,63.86,.283,.042,.326,60.42,342,566,4,1315,4,,2014
46,Daniel Summerhays,98,70.566,282.2,66.30,66.89,.492,.184,.675,58.22,340,584,2,1242,2,,2014
47,Hunter Mahan,88,70.574,295.8,65.10,66.67,.207,.314,.520,54.71,279,510,4,1835,6,1,2014
48,Patrick Reed,92,70.598,292.3,55.59,63.64,.249,.081,.331,59.42,350,589,2,598,4,2,2014
49,Stuart Appleby,92,70.599,278.6,60.42,62.96,.487,-.126,.361,61.00,366,600,2,1755,3,,2014
50,Freddie Jacobson,91,70.604,284.6,59.35,62.58,.704,-.293,.411,61.34,376,613,3,1068,4,,2014
51,Shawn Stefani,60,70.609,297.7,64.17,66.20,-.146,.564,.418,59.45,217,365,1,842,2,,2014
52,Kevin Stadler,90,70.620,291.6,64.28,68.91,-.467,.878,.411,53.41,266,498,3,1537,3,1,2014
53,Cameron Tringale,111,70.630,282.9,63.87,66.77,.107,.560,.668,59.34,394,664,1,600,3,,2014
54,Luke Guthrie,85,70.638,287.6,58.99,63.53,.190,.109,.299,61.29,342,558,2,580,2,,2014
55,Seung-Yul Noh,92,70.661,296.5,55.02,66.97,-.121,.427,.306,60.33,330,547,2,1590,3,1,2014
56,Scott Langley,95,70.662,281.3,61.08,64.16,.268,.016,.284,61.67,370,600,1,898,1,,2014
57,Ricky Barnes,92,70.671,290.7,54.85,64.96,.157,.145,.302,61.80,343,555,1,530,2,,2014
58,Brandt Snedeker,89,70.671,285.6,63.70,63.28,.326,.318,.644,59.48,342,575,2,812,3,,2014
59,Will MacKenzie,82,70.685,290.6,64.50,65.58,.154,.070,.224,55.91,284,508,5,1092,5,,2014
60,Billy Hurley III,86,70.696,276.7,70.44,65.89,.039,.270,.309,61.36,324,528,2,685,4,,2014
61,William McGirt,96,70.712,278.5,65.94,64.41,.314,-.235,.079,59.02,363,615,2,1182,4,,2014
62,Andrew Svoboda,77,70.713,287.4,66.14,68.11,-.026,.370,.344,59.05,261,442,2,702,2,,2014
63,Tim Wilkinson,86,70.714,282.4,59.51,61.72,.205,-.078,.127,63.19,357,565,2,498,3,,2014
64,Kevin Kisner,85,70.718,287.8,61.43,65.29,.388,.009,.397,56.69,301,531,1,587,3,,2014
65,J.B. Holmes,86,70.721,308.0,54.71,60.92,-.075,.476,.401,58.51,354,605,2,1467,2,1,2014
66,Matt Every,85,70.722,286.3,56.72,63.33,.733,-.236,.497,58.82,330,561,6,1354,6,1,2014
67,Ian Poulter,57,70.722,288.1,61.35,62.40,.067,-.106,-.038,58.05,220,379,2,892,2,,2014
68,Robert Garrigus,80,70.728,306.1,57.18,65.14,.047,.382,.429,57.17,287,502,2,678,2,,2014
69,Retief Goosen,94,70.728,288.8,55.90,63.64,.352,-.024,.329,61.12,360,589,2,591,2,,2014
70,Ben Martin,80,70.732,291.7,64.34,66.04,.291,.130,.421,59.10,289,489,2,899,3,,2014
71,Jeff Overton,80,70.734,287.5,57.36,65.79,.017,.044,.061,60.47,283,468,3,719,3,,2014
72,Luke Donald,57,70.735,278.1,62.56,63.00,.517,.173,.690,60.59,226,373,3,798,3,,2014
73,Ernie Els,85,70.736,291.2,53.26,61.60,-.171,.654,.483,61.36,335,546,1,1467,3,,2014
74,Tim Clark,75,70.738,272.2,74.02,64.30,.025,.061,.086,59.34,286,482,1,1271,3,1,2014
75,Lee Westwood,57,70.738,292.3,61.22,63.69,.151,.495,.646,56.28,206,366,2,577,2,,2014
76,Aaron Baddeley,74,70.796,293.8,52.29,59.80,.872,-.828,.044,60.27,314,521,1,528,2,,2014
77,Brendan Steele,89,70.798,298.9,59.51,66.47,.121,.398,.519,59.45,305,513,2,881,4,,2014
78,Brendon de Jonge,109,70.801,287.9,67.87,64.48,-.032,.256,.224,57.10,398,697,1,762,2,,2014
79,Danny Lee,84,70.802,284.2,65.05,64.44,.141,-.123,.018,57.62,295,512,1,800,1,,2014
80,Will Wilcox,51,70.819,297.3,61.40,66.89,-.204,.552,.349,58.90,172,292,1,362,2,,2014
81,Erik Compton,88,70.829,283.3,58.48,63.07,.282,-.259,.023,58.80,344,585,3,1117,3,,2014
82,David Hearn,97,70.830,279.1,67.48,66.38,.315,.136,.451,60.99,358,587,3,930,3,,2014
83,Justin Hicks,103,70.836,285.1,73.46,71.44,.069,-.003,.066,54.81,279,509,1,923,3,,2014
84,Louis Oosthuizen,50,70.852,300.5,60.90,66.43,-.429,.212,-.217,51.80,144,278,1,453,1,,2014
85,K.J. Choi,80,70.870,279.8,64.22,62.08,.332,-.039,.293,56.78,310,546,1,1019,2,,2014
86,Brad Fritsch,50,70.888,294.4,60.24,65.05,-.050,.110,.060,59.93,181,302,1,322,3,,2014
87,Jason Bohn,81,70.892,280.0,64.95,64.75,.126,-.253,-.127,56.03,288,514,3,1011,3,,2014
88,Justin Leonard,75,70.895,270.3,65.04,57.78,.496,-.677,-.181,64.56,368,570,2,491,2,,2014
89,Jason Dufner,57,70.900,285.3,63.76,66.26,-.576,1.098,.522,52.74,173,328,4,798,4,,2014
90,Troy Merritt,62,70.900,285.2,61.43,65.05,.024,-.123,-.099,56.15,219,390,1,609,1,,2014
91,Vijay Singh,83,70.933,289.7,60.66,65.39,-.579,.554,-.025,59.19,306,517,1,800,1,,2014
92,Scott Brown,100,70.936,287.2,66.55,65.00,.211,.134,.345,58.73,370,630,3,821,4,,2014
93,Ben Crane,81,70.954,279.0,66.40,63.44,.138,-.290,-.152,59.10,315,533,2,1199,2,1,2014
94,Ryo Ishikawa,75,70.980,291.0,53.26,64.96,.092,.231,.323,54.55,258,473,3,936,3,,2014
95,Matt Jones,83,71.021,296.3,58.50,63.25,.142,-.029,.113,55.92,307,549,1,1051,1,1,2014
96,Brice Garnett,92,71.039,289.3,58.91,65.15,.109,-.255,-.147,59.60,329,552,1,488,1,,2014
97,Pat Perez,84,71.110,286.4,60.05,64.35,.251,-.255,-.004,60.30,325,539,3,682,3,,2014
98,Bryce Molder,77,71.112,278.7,59.49,63.93,.249,-.482,-.233,60.34,286,474,2,565,2,,2014
99,Andrew Loupe,65,71.142,308.0,50.00,63.11,.350,-.485,-.136,55.56,225,405,1,380,1,,2014
100,Steven Bowditch,93,71.145,298.1,55.13,63.38,-.581,.399,-.182,56.77,348,613,1,1213,1,1,2014
101,Hudson Swafford,75,71.167,297.5,64.28,68.78,-.200,-.116,-.316,52.63,210,399,1,351,1,,2014
102,James Hahn,82,71.186,289.6,60.83,63.96,-.306,.070,-.236,55.11,286,519,2,456,2,,2014
103,Michael Thompson,74,71.194,289.2,62.22,65.69,.466,-.317,.149,58.42,267,457,1,515,1,,2014
104,Martin Flores,85,71.199,296.0,56.71,66.54,-.144,.362,.218,57.42,294,512,1,534,1,,2014
105,Wes Roach,67,71.206,293.0,61.05,64.20,.000,-.554,-.554,57.64,234,406,1,314,1,,2014
106,Chesson Hadley,84,71.212,290.6,57.01,63.03,.041,-.180,-.140,54.20,303,559,3,1338,4,1,2014
107,John Huh,87,71.240,283.9,66.87,64.39,-.159,-.010,-.169,57.52,306,532,1,698,2,,2014
108,Sean O'Hair,77,71.240,300.5,53.73,63.42,.082,-.327,-.244,59.57,302,507,1,278,1,,2014
109,Greg Chalmers,85,71.251,280.7,58.51,59.88,.856,-.989,-.133,59.49,348,585,1,402,1,,2014
110,Charlie Beljan,76,71.280,303.8,59.02,65.20,-.231,-.058,-.289,52.99,239,451,1,409,1,,2014
111,Boo Weekley,73,71.307,288.3,69.57,68.06,-1.152,.875,-.277,53.14,220,414,1,536,1,,2014
112,Chad Collins,78,71.315,275.4,59.67,59.98,.438,-.884,-.446,59.66,318,533,1,295,1,,2014
113,Ben Curtis,77,71.354,279.5,64.80,62.63,.400,-.616,-.216,56.62,278,491,1,406,1,,2014
114,Kevin Streelman,79,71.354,288.6,68.04,63.25,.006,.068,.074,54.07,279,516,1,1354,2,1,2014
115,Russell Henley,92,71.379,293.7,63.67,61.84,.332,-.438,-.106,52.37,331,632,2,635,3,1,2014
116,Rory Sabbatini,82,71.381,294.2,55.48,65.38,-.326,-.245,-.571,55.35,269,486,3,567,3,,2014
117,David Lingmerth,80,71.469,289.8,59.83,63.30,-.087,-.220,-.307,54.58,274,502,2,391,2,,2014
118,Trevor Immelman,84,71.471,291.8,58.50,65.28,-.474,.157,-.317,54.60,273,500,1,354,1,,2014
119,Brian Gay,81,71.493,271.6,61.99,59.21,.268,-.733,-.465,65.69,381,580,1,375,1,,2014
120,Tommy Gainey,73,71.510,294.0,57.92,64.01,.019,-.540,-.521,50.56,226,447,1,311,1,,2014
121,Richard Lee,80,71.528,285.1,61.86,59.97,.446,-.878,-.432,61.21,344,562,2,376,2,,2014
122,Jonas Blixt,64,71.581,286.1,56.16,61.11,.303,-.512,-.209,58.76,255,434,1,599,1,,2014
123,Roberto Castro,76,71.617,283.9,62.95,60.44,-.384,.084,-.300,55.79,294,527,1,387,1,,2014
124,Nicholas Thompson,85,71.657,287.0,67.08,66.67,-.622,.105,-.517,52.88,257,486,1,437,1,,2014
125,Briny Baird,50,71.679,281.6,63.70,63.44,-.156,-.419,-.575,56.84,187,329,1,366,1,,2014
126,Mike Weir,69,71.789,271.2,52.76,57.44,.256,-.882,-.626,59.84,298,498,1,375,1,,2014
127,Scott Stallings,77,71.835,300.4,56.04,63.16,-.305,-.369,-.673,54.17,273,504,1,831,1,1,2014
128,Jim Renner,61,71.843,288.2,56.50,62.71,-.792,-.221,-1.013,47.98,190,396,1,346,1,,2014
129,Troy Matteson,62,72.237,296.7,53.09,61.97,-.422,-.914,-1.337,52.64,209,397,1,238,1,,2014
0,Jordan Spieth,91,68.938,291.8,62.91,67.87,.571,1.583,2.154,65.03,331,509,10,3800,15,5,2015
1,Jason Day,75,69.161,313.7,55.94,70.83,.586,1.520,2.106,65.34,247,378,5,2290,11,5,2015
2,Bubba Watson,71,69.296,315.2,56.55,69.32,.212,1.876,2.088,61.89,229,370,4,1680,10,2,2015
3,Henrik Stenson,63,69.354,296.4,69.91,73.52,.436,1.774,2.210,62.24,178,286,3,2307,8,,2015
4,Dustin Johnson,75,69.585,317.7,55.53,67.05,.128,1.326,1.455,57.85,247,427,7,1360,11,1,2015
5,Justin Rose,69,69.744,303.5,63.87,70.54,.023,1.471,1.493,59.14,207,350,3,1235,8,1,2015
6,Zach Johnson,90,69.753,282.6,71.21,68.58,.040,1.081,1.120,60.98,300,492,5,1450,10,1,2015
7,Will Wilcox,58,69.804,296.6,68.98,72.53,.322,.863,1.186,62.55,167,267,1,649,4,,2015
8,Paul Casey,87,69.806,297.8,64.16,72.36,.014,1.202,1.216,56.13,229,408,5,632,8,,2015
9,Jim Furyk,71,69.845,281.9,69.08,69.79,-.024,1.658,1.634,62.93,219,348,4,304,7,1,2015
10,Brooks Koepka,84,69.861,308.2,57.33,69.48,.421,.660,1.081,56.63,252,445,4,414,8,1,2015
11,Hideki Matsuyama,95,69.940,294.5,65.25,69.20,.076,1.388,1.464,61.92,309,499,8,558,9,,2015
12,Sergio Garcia,59,69.958,300.0,59.47,67.56,-.022,1.067,1.045,58.41,191,327,3,1177,4,,2015
13,Matt Kuchar,97,70.040,288.5,63.23,66.55,.316,.817,1.133,63.78,361,566,3,530,7,,2015
14,Ryan Palmer,80,70.102,305.2,56.57,66.81,.147,.813,.960,60.57,275,454,4,1386,5,,2015
15,Justin Thomas,106,70.105,303.2,58.24,68.92,.042,.926,.968,61.55,365,593,5,1498,7,,2015
16,Kevin Na,98,70.121,280.1,62.51,64.56,.233,.711,.944,62.87,381,606,6,410,7,,2015
17,Robert Streb,110,70.130,297.1,59.47,69.14,.381,.712,1.093,59.57,364,611,6,542,9,1,2015
18,Brandt Snedeker,98,70.158,288.4,60.98,64.97,.588,.020,.607,63.27,379,599,7,416,8,1,2015
19,Louis Oosthuizen,68,70.160,298.8,59.84,68.28,-.220,.825,.605,61.30,217,354,5,176,6,,2015
20,Rickie Fowler,76,70.230,296.8,62.08,65.81,.309,.779,1.088,61.10,267,437,3,1838,7,2,2015
21,Jason Bohn,95,70.235,277.1,71.58,68.89,.239,.538,.777,60.90,324,532,4,1373,6,,2015
22,Harris English,105,70.235,298.4,58.51,67.05,.560,.217,.777,61.65,373,605,3,360,3,,2015
23,Jimmy Walker,89,70.268,301.6,52.23,66.09,.692,.241,.933,57.71,303,525,6,558,6,2,2015
24,Tony Finau,106,70.281,309.0,54.30,67.61,-.006,.634,.628,56.15,347,618,4,1293,5,,2015
25,Patrick Reed,103,70.292,292.9,54.78,64.42,.394,.465,.859,61.99,393,634,3,656,4,1,2015
26,Webb Simpson,81,70.310,289.4,67.85,67.81,-.646,1.346,.700,64.38,291,452,4,1213,5,,2015
27,Kevin Kisner,104,70.344,287.8,66.85,66.24,.240,.389,.628,62.66,396,632,5,444,6,,2015
28,Jerry Kelly,79,70.383,277.2,70.45,65.96,.250,.186,.436,64.46,312,484,3,966,4,,2015
29,Daniel Summerhays,101,70.397,284.0,61.79,65.62,.644,-.103,.541,57.76,361,625,2,1501,5,,2015
30,Danny Lee,120,70.398,283.1,63.92,65.69,.374,.354,.729,60.86,451,741,3,1123,8,1,2015
31,Brendan Steele,88,70.413,302.9,61.13,68.52,-.047,1.005,.958,60.08,286,476,3,1204,4,,2015
32,Russell Knox,96,70.421,284.4,67.76,70.83,-.021,.827,.806,59.92,302,504,3,1435,3,,2015
33,Ian Poulter,68,70.421,286.7,63.58,65.71,.225,.329,.554,60.76,240,395,4,981,4,,2015
34,Shawn Stefani,94,70.421,296.3,62.06,68.79,.074,.423,.497,56.44,298,528,3,1171,3,,2015
35,Rory Sabbatini,81,70.435,290.0,60.30,67.83,-.106,.567,.461,63.11,296,469,4,1064,4,,2015
36,Keegan Bradley,87,70.450,306.1,64.85,67.53,-.070,1.088,1.018,58.25,286,491,3,1103,3,,2015
37,Adam Scott,51,70.456,311.6,60.69,69.62,-.396,.601,.206,54.09,139,257,2,585,3,,2015
38,Francesco Molinari,56,70.458,281.6,76.88,71.07,-.255,.859,.604,58.33,161,276,2,558,2,,2015
39,George McNeill,93,70.478,286.2,64.10,66.43,.212,.351,.563,61.21,344,562,1,1086,1,,2015
40,Lee Westwood,56,70.484,300.0,59.70,66.45,.595,.283,.879,52.23,164,314,1,576,1,,2015
41,Brendon Todd,96,70.533,276.4,70.24,65.47,.582,.248,.830,62.63,362,578,3,1279,4,,2015
42,Luke Donald,71,70.555,277.0,59.28,65.57,.289,.295,.584,61.14,269,440,1,782,2,,2015
43,Marc Leishman,74,70.569,294.8,54.99,65.62,-.020,.322,.302,56.67,242,427,3,854,4,,2015
44,Daniel Berger,97,70.581,302.1,60.74,68.84,-.193,.682,.489,60.66,330,544,5,878,6,,2015
45,Russell Henley,87,70.581,297.1,64.39,67.06,.579,-.116,.462,57.43,286,498,3,1072,4,,2015
46,J.B. Holmes,89,70.581,309.9,54.05,63.66,-.004,.949,.944,59.35,330,556,5,618,7,1,2015
47,Phil Mickelson,70,70.585,300.5,55.98,61.51,.262,.319,.581,59.38,288,485,3,1091,3,,2015
48,Chad Campbell,97,70.604,285.2,65.75,68.61,-.045,.482,.437,59.31,325,548,2,670,2,,2015
49,Charley Hoffman,97,70.613,298.9,58.01,66.19,.065,.269,.335,58.74,336,572,5,992,7,1,2015
50,Patrick Rodgers,57,70.619,307.7,56.97,66.77,-.003,.133,.129,56.47,179,317,1,,2,,2015
51,Jason Dufner,76,70.633,286.7,67.81,69.03,-.700,.922,.222,55.28,225,407,2,730,2,,2015
52,Brendon de Jonge,106,70.642,285.3,65.69,67.51,-.007,.320,.312,59.19,367,620,3,1228,3,,2015
53,Brian Harman,90,70.647,287.9,64.37,66.67,.236,.177,.413,59.63,322,540,2,1135,3,,2015
54,William McGirt,103,70.647,280.4,67.87,67.85,.060,.395,.455,64.09,382,596,1,955,1,,2015
55,Jason Kokrak,88,70.654,305.6,56.41,67.30,-.012,.306,.293,58.30,302,518,2,614,2,,2015
56,Pat Perez,96,70.666,284.6,65.70,67.88,.364,.222,.586,60.00,333,555,2,1287,2,,2015
57,Kevin Chappell,86,70.672,293.5,63.86,66.02,.168,.202,.370,59.32,312,526,1,1186,2,,2015
58,Bill Haas,89,70.672,290.7,63.35,68.80,-.229,.689,.460,61.90,299,483,3,380,5,1,2015
59,Nick Watney,91,70.680,294.0,61.08,67.34,-.403,.661,.258,58.69,314,535,3,1135,3,,2015
60,Scott Piercy,90,70.688,296.7,59.30,66.73,.006,.322,.329,58.63,316,539,3,432,5,1,2015
61,Colt Knost,90,70.698,276.6,71.24,67.44,.348,-.152,.196,58.93,297,504,3,714,4,,2015
62,Zac Blair,108,70.714,273.1,67.91,65.54,.527,-.356,.171,64.81,418,645,1,1126,2,,2015
63,Jim Herman,88,70.719,293.8,67.10,73.23,-.030,.407,.376,58.02,246,424,2,840,2,,2015
64,Graham DeLaet,65,70.720,298.7,65.46,69.15,-.012,.299,.287,57.34,207,361,2,545,3,,2015
65,Hudson Swafford,97,70.732,298.9,63.34,68.54,.360,-.022,.338,55.39,298,538,1,776,1,,2015
66,Vijay Singh,78,70.761,290.6,60.06,66.24,-.511,.812,.302,60.97,289,474,1,508,1,,2015
67,Martin Laird,77,70.772,300.5,58.54,66.31,.100,.206,.306,60.17,281,467,3,628,3,,2015
68,Boo Weekley,79,70.775,292.0,63.27,67.72,-.246,.671,.425,59.91,275,459,5,830,6,,2015
69,Bryce Molder,91,70.779,277.9,66.80,65.45,.508,-.319,.189,62.85,340,541,1,875,2,,2015
70,Scott Brown,97,70.797,288.2,62.77,65.18,-.031,.216,.185,60.69,369,608,2,696,3,,2015
71,David Lingmerth,90,70.800,289.5,65.51,64.94,.039,.366,.405,61.27,348,568,1,1387,4,1,2015
72,Johnson Wagner,68,70.807,290.7,62.11,68.95,.203,-.108,.095,59.47,226,380,1,733,3,,2015
73,Matt Jones,89,70.812,296.0,59.70,64.05,.401,.263,.664,61.27,337,550,3,1445,4,,2015
74,Ryan Moore,81,70.829,282.6,70.05,65.24,.160,.418,.578,60.25,294,488,3,1374,4,1,2015
75,Steven Bowditch,103,70.835,302.1,54.04,63.43,.144,.256,.400,65.19,442,678,2,454,2,1,2015
76,Jeff Overton,94,70.836,284.8,58.87,65.70,.105,-.014,.091,58.80,334,568,1,464,1,,2015
77,Spencer Levin,99,70.837,283.7,69.09,68.27,-.065,.135,.070,59.75,331,554,1,764,1,,2015
78,David Hearn,97,70.843,280.6,64.16,67.98,.358,-.002,.356,57.42,321,559,2,1152,4,,2015
79,Jon Curran,83,70.849,273.5,67.46,66.39,-.028,-.059,-.088,61.72,295,478,4,540,5,,2015
80,Kyle Reifers,96,70.854,288.0,61.59,67.03,.036,.101,.136,61.36,335,546,1,804,2,,2015
81,Charles Howell III,105,70.872,302.7,52.43,68.57,-.216,.599,.383,56.06,333,594,3,792,3,,2015
82,James Hahn,94,70.896,295.1,59.89,66.13,.048,.307,.355,58.46,335,573,1,1202,2,1,2015
83,Cameron Tringale,96,70.920,281.8,68.50,64.58,.125,.244,.369,62.09,380,612,2,1390,3,,2015
84,Ben Martin,93,70.950,288.1,65.09,68.70,.127,.153,.280,54.04,274,507,4,1417,5,1,2015
85,Chris Kirk,76,70.959,285.8,61.97,64.54,.065,.350,.414,60.30,281,466,3,1291,3,1,2015
86,Gary Woodland,81,70.982,305.5,56.21,66.74,.077,.121,.198,56.66,251,443,4,1300,4,,2015
87,Morgan Hoffmann,85,70.988,296.1,54.83,61.11,.232,-.035,.196,59.16,352,595,2,749,2,,2015
88,Mark Wilson,89,70.991,279.2,64.53,67.84,-.065,.092,.026,60.37,297,492,2,681,3,,2015
89,Adam Hadwin,95,71.021,288.2,65.43,66.55,.235,-.051,.183,58.39,327,560,2,584,3,,2015
90,Sean O'Hair,86,71.030,295.3,60.74,64.34,.169,.012,.180,59.42,328,552,2,1293,3,,2015
91,Sangmoon Bae,98,71.036,289.8,60.03,62.93,.260,-.201,.059,61.16,400,654,4,390,5,1,2015
92,Cameron Percy,72,71.039,290.0,60.31,67.78,-.142,.163,.020,56.16,228,406,1,361,1,,2015
93,Billy Hurley III,83,71.043,271.9,65.91,65.26,.311,-.423,-.112,64.17,317,494,1,420,1,,2015
94,Billy Horschel,99,71.050,295.0,63.77,69.33,.244,.202,.446,57.61,299,519,2,1051,2,,2015
95,Steve Wheatcroft,87,71.072,288.3,63.03,64.59,.345,-.383,-.038,60.68,321,529,1,536,2,,2015
96,Alex Prugh,84,71.089,295.2,62.03,70.14,-.055,.051,-.004,53.02,228,430,2,433,2,,2015
97,John Senden,80,71.090,290.2,66.60,67.26,-.061,.142,.082,55.20,244,442,3,848,3,,2015
98,David Toms,62,71.092,270.0,74.50,64.66,-.102,.178,.076,63.96,236,369,1,383,2,,2015
99,Charl Schwartzel,67,71.093,300.4,60.81,64.99,-.555,.629,.073,54.66,217,397,2,584,3,,2015
100,Whee Kim,71,71.097,282.4,60.40,68.20,-.093,.081,-.013,57.72,228,395,1,393,2,,2015
101,Carlos Ortiz,100,71.098,298.4,59.84,66.84,.172,-.048,.124,55.50,318,573,1,711,1,,2015
102,Jamie Donaldson,50,71.102,294.9,60.09,63.83,.349,-.008,.341,59.48,182,306,2,447,2,,2015
103,Scott Pinckney,88,71.103,290.3,60.95,67.61,.294,-.426,-.131,55.75,286,513,3,761,3,,2015
104,Alex Cejka,94,71.117,283.3,63.78,65.70,-.232,.015,-.217,60.39,343,568,1,859,1,1,2015
105,Hunter Mahan,88,71.124,295.1,58.91,65.79,.390,-.270,.120,59.60,301,505,3,1208,4,,2015
106,Blayne Barber,76,71.127,288.6,63.72,66.44,.313,-.297,.015,59.51,266,447,3,380,4,,2015
107,Fabián Gómez,83,71.207,283.2,60.88,63.52,.062,-.386,-.324,58.72,320,545,2,1069,2,1,2015
108,Luke Guthrie,84,71.211,283.9,58.86,63.75,.110,-.147,-.037,57.57,308,535,1,373,1,,2015
109,Erik Compton,86,71.228,288.4,59.31,63.18,.469,-.385,.084,60.53,345,570,1,471,1,,2015
110,Michael Thompson,83,71.230,289.3,58.24,65.43,.153,-.349,-.195,55.36,279,504,1,378,1,,2015
111,Ryo Ishikawa,90,71.246,289.2,56.39,66.41,-.103,.052,-.051,55.45,295,532,1,476,2,,2015
112,Kevin Streelman,95,71.282,289.5,68.63,68.99,-.219,.352,.133,58.66,298,508,2,840,2,,2015
113,Davis Love III,51,71.289,294.7,64.94,67.43,-.347,-.031,-.377,57.19,171,299,1,735,2,1,2015
114,Ken Duke,93,71.306,278.1,67.91,64.17,-.222,-.156,-.378,58.71,337,574,2,523,3,,2015
115,Brian Stuard,97,71.341,276.5,69.31,63.20,.116,-.356,-.240,60.23,371,616,1,447,1,,2015
116,Nicholas Thompson,90,71.396,286.0,68.70,68.60,-.493,-.219,-.712,52.06,253,486,1,442,1,,2015
117,Andres Gonzales,90,71.427,294.5,58.06,66.67,.177,-.714,-.537,55.62,287,516,2,531,3,,2015
118,Brice Garnett,81,71.453,287.1,61.25,68.28,-.089,-.443,-.532,55.65,251,451,1,398,1,,2015
119,Troy Merritt,91,71.458,285.2,62.83,63.37,.384,-.579,-.195,61.83,371,600,2,1148,3,1,2015
120,Seung-Yul Noh,65,71.465,292.7,54.87,65.90,.066,-.220,-.154,54.89,219,399,1,432,1,,2015
121,Sung Joon Park,79,71.469,283.7,65.73,64.72,-.421,-.167,-.588,64.42,315,489,1,426,1,,2015
122,Bo Van Pelt,81,71.497,289.5,60.73,66.88,.118,-.368,-.250,55.84,263,471,1,322,2,,2015
123,Greg Owen,58,71.512,293.8,59.63,69.25,-.798,.572,-.226,59.81,192,321,1,608,2,,2015
124,Geoff Ogilvy,50,71.559,293.7,59.59,66.55,-.692,.260,-.432,51.56,149,289,1,350,1,,2015
125,Brian Davis,86,71.656,275.5,67.66,62.26,.081,-.593,-.512,60.68,338,557,2,387,2,,2015
126,Retief Goosen,81,71.667,292.6,56.57,62.19,.027,-.365,-.338,59.35,311,524,2,519,3,,2015
127,Sam Saunders,83,71.668,293.2,64.00,65.23,-.136,-.360,-.496,57.79,293,507,1,413,1,,2015
128,Nick Taylor,91,71.716,292.3,56.05,64.41,.112,-.489,-.377,58.32,340,583,1,613,1,1,2015
129,Max Homa,78,71.763,294.2,56.45,62.99,-.110,-.619,-.729,59.23,292,493,1,278,1,,2015
130,Chesson Hadley,101,71.798,290.7,56.87,63.59,.168,-.525,-.357,57.70,382,662,3,630,3,,2015
131,Padraig Harrington,60,71.950,290.5,51.72,61.02,-.493,-.263,-.756,57.01,240,421,1,610,1,1,2015
132,Scott Stallings,60,71.961,291.8,57.74,65.00,-.392,-.166,-.558,54.23,205,378,1,447,1,,2015
133,Charlie Beljan,76,72.010,309.8,62.61,65.51,-.799,-.134,-.933,48.77,218,447,1,369,1,,2015
134,Oscar Fraustro,58,72.080,289.5,61.78,63.17,-.283,-1.034,-1.316,56.42,202,358,1,171,1,,2015
135,Robert Allenby,63,72.102,282.7,63.06,66.67,-.754,-.215,-.970,51.69,183,354,1,169,1,,2015
136,Andrew Svoboda,80,72.119,287.1,59.32,63.60,-.026,-1.041,-1.067,51.08,261,511,1,266,1,,2015
137,Matt Every,73,72.419,286.6,51.52,58.10,.075,-1.043,-.968,55.87,295,528,1,727,1,1,2015
0,Dustin Johnson,87,69.172,313.6,57.17,67.82,.281,1.646,1.928,59.58,283,475,9,2380,15,3,2016
1,Jason Day,76,69.313,304.2,50.46,67.23,1.130,.987,2.118,61.92,252,407,7,1440,10,3,2016
2,Adam Scott,79,69.470,304.6,55.55,70.76,-.168,2.062,1.894,59.50,238,400,4,1930,9,2,2016
3,Jordan Spieth,80,69.520,295.4,58.14,63.52,.758,.811,1.569,63.93,319,499,5,1168,8,2,2016
4,Phil Mickelson,75,69.582,294.8,54.82,66.05,.565,.799,1.364,64.32,283,440,5,548,6,,2016
5,Rory McIlroy,69,69.646,306.8,61.06,69.62,-.207,1.888,1.681,58.70,199,339,5,3120,8,2,2016
6,Matt Kuchar,100,69.844,285.8,65.67,67.82,.381,.933,1.314,61.51,342,556,7,526,10,,2016
7,Paul Casey,77,69.950,295.2,64.67,70.80,.112,1.260,1.372,61.44,239,389,3,1880,7,,2016
8,Brooks Koepka,75,69.956,302.6,58.60,66.98,.445,.648,1.092,55.53,231,416,5,1541,7,,2016
9,Steve Stricker,53,69.996,278.0,63.23,63.00,.620,.101,.721,66.01,233,353,2,815,3,,2016
10,Sergio Garcia,54,69.999,299.9,61.76,70.15,-.388,1.189,.801,57.66,158,274,3,1566,4,1,2016
11,Charl Schwartzel,73,70.004,296.7,56.86,68.73,-.137,1.180,1.043,59.64,235,394,2,430,5,1,2016
12,Hideki Matsuyama,76,70.034,294.5,62.04,68.11,-.025,1.315,1.290,60.86,255,419,5,728,8,1,2016
13,Rickie Fowler,80,70.118,301.6,58.69,69.26,.153,1.224,1.378,62.21,265,426,6,1607,8,,2016
14,Jim Furyk,52,70.130,280.8,69.09,68.27,.067,.463,.530,57.24,170,297,1,745,3,,2016
15,Justin Rose,65,70.148,303.9,57.90,67.92,-.197,1.325,1.128,58.10,208,358,5,1191,5,,2016
16,Patrick Reed,105,70.170,297.4,55.96,64.65,.280,.746,1.026,63.97,403,630,9,1986,11,1,2016
17,Brandt Snedeker,93,70.203,292.6,58.69,65.67,.395,.573,.968,62.73,345,550,5,592,7,1,2016
18,Branden Grace,63,70.204,295.6,55.14,66.76,-.105,.960,.855,59.05,212,359,4,1443,6,1,2016
19,Jason Dufner,105,70.212,293.2,62.83,70.15,-.353,.840,.488,56.39,309,548,5,522,6,1,2016
20,Ryan Palmer,86,70.229,304.7,57.88,67.83,-.094,.868,.774,57.63,287,498,2,1545,3,,2016
21,Gary Woodland,95,70.234,306.1,56.69,68.74,-.162,1.065,.903,60.16,308,512,1,510,4,,2016
22,Kevin Na,96,70.298,279.6,65.30,66.73,.074,.553,.627,58.53,326,557,6,400,8,,2016
23,Ryan Moore,86,70.317,283.2,66.52,65.78,.351,.544,.895,60.12,300,499,5,1336,9,1,2016
24,Russell Knox,92,70.319,285.8,68.51,69.73,-.054,.560,.506,61.86,300,485,3,992,4,2,2016
25,Louis Oosthuizen,63,70.327,294.0,61.67,68.15,-.021,.857,.836,54.21,174,321,2,1468,3,,2016
26,Bubba Watson,72,70.333,310.6,55.11,69.16,-.367,1.359,.992,52.74,202,383,3,478,4,1,2016
27,Daniel Berger,92,70.339,298.4,56.68,67.67,.175,.718,.893,56.95,295,518,4,422,6,1,2016
28,Webb Simpson,70,70.359,286.3,62.17,67.14,-.482,1.149,.667,59.42,246,414,1,750,2,,2016
29,Zach Johnson,90,70.364,280.1,65.23,64.53,.395,.214,.609,62.11,341,549,4,1071,5,,2016
30,William McGirt,98,70.393,287.6,65.28,67.35,.360,.598,.958,60.76,350,576,5,432,7,1,2016
31,Jimmy Walker,85,70.393,301.3,48.31,63.96,.222,.671,.892,57.71,307,532,3,652,5,1,2016
32,Charles Howell III,91,70.418,303.4,52.60,68.01,.152,.549,.701,60.88,319,524,5,1191,5,,2016
33,Francesco Molinari,64,70.436,286.7,63.76,64.93,-.296,.859,.562,60.40,244,404,2,550,3,,2016
34,Bill Haas,86,70.444,289.6,62.34,67.14,-.174,.693,.519,63.30,307,485,4,1285,6,,2016
35,Harris English,97,70.463,299.2,55.01,64.83,.594,.040,.634,60.10,369,614,3,1270,3,,2016
36,Kevin Kisner,97,70.489,289.0,64.92,65.19,.672,-.124,.548,56.88,335,589,5,436,6,1,2016
37,Kevin Chappell,93,70.501,296.3,60.68,66.37,-.307,1.077,.770,59.15,333,563,5,1320,8,,2016
38,J.B. Holmes,77,70.523,314.5,51.68,65.17,-.129,.633,.504,56.68,263,464,4,360,6,,2016
39,Lucas Glover,75,70.534,298.3,64.37,71.63,-.192,.764,.572,57.18,219,383,2,590,2,,2016
40,Billy Horschel,73,70.548,293.0,60.71,67.70,.112,.717,.829,54.55,222,407,3,1199,5,,2016
41,Marc Leishman,89,70.554,295.0,60.55,65.31,.252,.258,.510,60.34,324,537,1,923,2,,2016
42,Russell Henley,76,70.558,295.6,63.15,68.27,.193,.366,.560,61.06,265,434,4,726,4,,2016
43,Si Woo Kim,113,70.560,293.5,62.84,64.83,-.102,.605,.503,62.32,430,690,2,534,5,1,2016
44,Chad Campbell,90,70.566,287.9,64.39,68.15,-.223,.768,.544,62.21,321,516,3,829,3,,2016
45,Jason Kokrak,89,70.570,307.4,58.41,68.66,-.288,.813,.525,58.37,293,502,2,1554,4,,2016
46,Justin Thomas,99,70.571,301.3,53.94,65.63,-.185,.506,.320,55.56,330,594,4,748,7,1,2016
47,Roberto Castro,97,70.588,284.2,69.37,69.13,-.257,.844,.587,60.11,324,539,3,448,4,,2016
48,Emiliano Grillo,93,70.637,294.3,66.93,68.52,-.056,.534,.479,55.10,281,510,1,902,3,1,2016
49,Shane Lowry,57,70.640,298.7,61.85,64.51,.113,.556,.669,53.91,186,345,2,615,2,,2016
50,Charley Hoffman,91,70.658,298.2,54.80,64.58,-.092,.617,.525,57.75,324,561,1,1383,1,1,2016
51,Chez Reavie,90,70.661,287.3,68.22,68.09,-.262,.762,.500,62.75,310,494,2,772,2,,2016
52,Alex Cejka,71,70.675,281.5,65.89,67.99,.010,.631,.642,65.03,251,386,3,754,4,,2016
53,Sean O'Hair,89,70.677,302.2,58.84,67.17,.208,.163,.371,57.79,304,526,1,416,2,,2016
54,Tim Wilkinson,72,70.704,279.3,62.36,64.71,.335,.226,.561,63.66,275,432,1,426,1,,2016
55,John Senden,88,70.717,289.7,60.07,68.86,.321,.130,.451,59.13,285,482,1,719,1,,2016
56,Adam Hadwin,93,70.719,290.1,63.62,66.07,.530,-.011,.519,58.27,331,568,1,748,2,,2016
57,Keegan Bradley,82,70.741,300.0,64.57,69.58,-.631,.929,.298,54.57,245,449,2,605,2,,2016
58,Luke List,79,70.754,306.9,50.98,67.17,-.273,.709,.436,60.88,277,455,2,481,2,,2016
59,Daniel Summerhays,99,70.771,288.0,58.65,63.02,.592,-.356,.236,57.21,377,659,1,975,2,,2016
60,Johnson Wagner,86,70.781,289.4,61.13,69.38,.273,.096,.368,57.81,274,474,1,808,3,,2016
61,Ricky Barnes,97,70.784,287.6,54.27,65.77,.385,-.091,.295,59.86,343,573,2,844,4,,2016
62,Colt Knost,90,70.785,269.7,73.36,65.25,.395,-.077,.318,61.90,333,538,2,803,3,,2016
63,Tony Finau,95,70.797,312.2,52.48,65.09,-.088,.216,.128,57.96,346,597,2,1314,2,1,2016
64,Freddie Jacobson,86,70.809,280.3,59.03,64.86,.487,-.414,.072,60.29,328,544,3,714,3,,2016
65,Patrick Rodgers,89,70.833,300.5,57.74,69.22,-.193,.504,.311,58.17,274,471,2,827,3,,2016
66,Robert Garrigus,69,70.848,303.3,53.91,69.32,-.200,.836,.637,53.48,192,359,1,558,3,,2016
67,Scott Piercy,87,70.855,297.9,59.41,67.33,-.292,.479,.187,57.29,283,494,2,1497,3,,2016
68,Brendan Steele,88,70.855,302.2,60.29,68.72,-.287,.542,.255,54.76,259,473,1,1001,2,,2016
69,Sung Kang,89,70.856,292.4,59.36,65.26,.186,-.182,.004,59.74,325,544,2,679,2,,2016
70,Martin Laird,82,70.867,298.5,55.14,67.66,.158,.148,.306,58.37,265,454,1,811,3,,2016
71,David Hearn,95,70.870,281.2,65.94,68.25,.214,.311,.525,61.14,332,543,1,1084,2,,2016
72,David Toms,62,70.872,269.7,67.98,65.50,.132,.248,.380,61.04,235,385,1,455,1,,2016
73,Hudson Swafford,104,70.875,306.9,61.43,68.80,.205,.093,.298,54.97,321,584,1,981,1,,2016
74,Aaron Baddeley,93,70.888,291.7,55.42,63.11,.586,-.330,.257,64.30,380,591,4,922,5,1,2016
75,Jamie Lovemark,91,70.896,304.8,57.32,65.32,.131,.373,.504,61.44,349,568,5,1232,5,,2016
76,Graeme McDowell,63,70.899,281.4,67.70,64.44,-.199,.021,-.178,58.85,226,384,4,1250,5,1,2016
77,Bryce Molder,80,70.901,280.2,62.53,61.32,.553,-.013,.540,65.38,355,543,5,718,5,,2016
78,Jhonattan Vegas,97,70.903,304.4,56.57,69.71,.072,.498,.571,58.97,299,507,3,362,5,1,2016
79,Luke Donald,81,70.918,282.9,56.69,64.61,.148,.230,.378,64.15,331,516,1,1055,2,,2016
80,Chris Kirk,90,70.920,285.9,62.02,64.05,-.006,.660,.653,62.73,345,550,2,1167,3,,2016
81,Patton Kizzire,93,70.921,291.3,55.23,64.48,.442,-.039,.403,56.24,320,569,5,760,5,,2016
82,Spencer Levin,104,70.927,281.3,67.79,66.33,.008,.230,.238,59.41,360,606,2,690,2,,2016
83,Jerry Kelly,76,70.937,278.2,71.20,66.67,-.214,.381,.167,64.04,292,456,1,834,2,,2016
84,Kyle Reifers,115,70.965,287.3,65.29,67.62,.120,.057,.177,55.95,362,647,4,1013,5,,2016
85,Scott Stallings,74,70.966,295.5,56.95,66.11,-.305,.443,.138,58.08,248,427,1,443,1,,2016
86,Brett Stegmaier,87,70.995,295.3,60.93,66.80,-.061,.109,.048,58.27,296,508,2,559,3,,2016
87,Brian Harman,104,70.996,289.7,63.41,64.85,.465,-.296,.169,61.40,404,658,1,1187,2,,2016
88,Boo Weekley,83,71.000,291.5,66.98,67.87,-.225,.307,.082,58.33,280,480,2,532,2,,2016
89,Smylie Kaufman,91,71.015,299.0,52.91,66.29,.113,.231,.344,54.87,293,534,3,1409,4,1,2016
90,Vaughn Taylor,72,71.028,287.0,61.59,64.43,-.424,.457,.033,54.66,252,461,1,1006,1,1,2016
91,Blayne Barber,84,71.032,289.6,62.37,66.74,.010,.088,.099,57.62,276,479,1,628,1,,2016
92,Padraig Harrington,54,71.032,289.6,60.66,62.96,-.342,.275,-.067,60.00,216,360,1,393,1,,2016
93,Harold Varner III,92,71.045,302.0,59.33,66.24,-.357,.481,.124,56.53,316,559,3,819,4,,2016
94,David Lingmerth,84,71.050,284.8,67.36,63.99,.055,.206,.261,59.57,305,512,1,925,2,,2016
95,Kevin Streelman,82,71.054,289.1,64.37,69.17,-.326,.450,.124,52.97,241,455,2,1042,2,,2016
96,Will Wilcox,67,71.055,292.9,59.34,63.42,-.027,-.062,-.089,58.18,249,428,2,399,2,,2016
97,Vijay Singh,72,71.057,289.8,56.73,62.73,-.094,.222,.128,56.52,273,483,1,646,2,,2016
98,Seung-Yul Noh,85,71.061,295.3,49.12,64.54,.176,-.149,.026,57.25,296,517,1,454,1,,2016
99,Derek Fathauer,94,71.073,288.2,52.02,62.00,.356,-.791,-.435,59.10,380,643,1,633,1,,2016
100,Graham DeLaet,70,71.074,297.9,60.11,68.35,-.227,.347,.120,52.39,197,376,2,490,3,,2016
101,K.J. Choi,73,71.093,275.3,66.18,65.37,.349,-.145,.204,61.54,280,455,2,705,2,,2016
102,Scott Brown,88,71.098,292.5,63.65,65.03,.010,.000,.011,59.03,327,554,4,781,4,,2016
103,Chris Stroud,82,71.101,286.3,60.70,66.60,.150,-.029,.121,56.96,274,481,1,412,1,,2016
104,John Huh,86,71.104,284.7,68.30,66.21,-.187,.136,-.051,62.09,321,517,3,690,3,,2016
105,Danny Lee,93,71.118,286.6,64.05,63.95,-.221,.489,.268,57.19,334,584,2,699,2,,2016
106,Jason Bohn,67,71.126,276.3,67.56,66.33,.032,-.252,-.220,56.16,228,406,3,670,3,,2016
107,Anirban Lahiri,72,71.139,291.7,56.31,62.88,-.020,.088,.068,56.40,260,461,1,494,1,,2016
108,Jon Curran,99,71.145,271.9,64.35,63.02,.407,-.354,.053,63.28,417,659,3,950,3,,2016
109,Tyrone Van Aswegen,105,71.189,288.0,52.91,64.81,-.064,.055,-.009,60.84,393,646,1,658,2,,2016
110,Jonas Blixt,79,71.190,290.3,57.79,60.96,.527,-.613,-.086,61.05,326,534,2,576,2,,2016
111,Jim Herman,93,71.206,291.1,65.59,65.65,-.318,.111,-.207,58.96,339,575,2,1415,2,1,2016
112,Brian Stuard,66,71.242,277.7,71.07,63.30,-.022,-.070,-.093,62.16,271,436,1,1040,1,1,2016
113,James Hahn,85,71.245,290.9,60.71,64.58,-.243,.043,-.199,55.72,302,542,2,1452,3,1,2016
114,Cameron Tringale,81,71.256,285.1,59.57,65.66,.057,-.081,-.024,57.14,272,476,1,539,1,,2016
115,Nick Taylor,83,71.281,296.2,57.21,65.82,-.154,.086,-.068,59.26,288,486,1,441,1,,2016
116,Shawn Stefani,91,71.287,292.1,58.40,66.48,-.336,.191,-.144,60.57,318,525,1,481,1,,2016
117,Fabián Gómez,82,71.346,289.0,61.44,63.71,.213,-.249,-.037,56.59,292,516,3,1450,4,1,2016
118,Will MacKenzie,84,71.402,285.6,60.81,66.39,-.479,.176,-.304,57.23,277,484,1,,1,,2016
119,Luke Guthrie,57,71.416,289.3,55.53,63.13,.404,-.847,-.444,60.55,221,365,1,,1,,2016
120,Andrew Loupe,75,71.423,309.3,45.56,63.41,.280,-.395,-.115,52.83,261,494,4,535,4,,2016
121,Tom Hoge,81,71.444,289.5,55.81,62.48,-.070,-.254,-.323,58.46,304,520,2,349,2,,2016
122,Jeff Overton,69,71.466,285.0,59.25,63.85,-.416,-.076,-.492,63.59,269,423,1,,1,,2016
123,Steve Marino,72,71.467,292.0,58.46,66.01,.067,-.555,-.487,56.97,237,416,1,429,2,,2016
124,Whee Kim,82,71.472,287.6,63.48,65.74,-.219,.010,-.209,58.00,279,481,1,444,2,,2016
125,Zac Blair,99,71.490,275.3,69.86,62.34,.195,-.565,-.370,62.73,404,644,2,557,2,,2016
126,Chad Collins,73,71.532,279.3,57.41,62.40,-.004,-.448,-.452,60.53,299,494,1,402,1,,2016
127,Troy Merritt,77,71.674,287.2,60.89,63.13,.244,-.608,-.364,57.93,296,511,1,482,1,,2016
128,Greg Owen,85,71.677,297.7,59.22,69.75,-.987,.534,-.453,51.70,228,441,1,319,1,,2016
129,Peter Malnati,85,71.686,279.7,60.54,62.09,.491,-1.143,-.652,58.79,341,580,3,599,3,1,2016
130,Hiroshi Iwata,85,71.693,288.8,58.34,59.50,.174,-.817,-.643,59.34,359,605,1,339,1,,2016
131,Martin Piller,59,71.813,286.6,58.97,64.33,.518,-.997,-.479,58.47,214,366,2,,2,,2016
132,Ken Duke,58,71.880,280.2,64.18,59.26,-.524,-.210,-.734,52.53,208,396,2,,2,,2016
133,Steven Bowditch,71,74.262,288.9,43.02,54.46,.131,-3.340,-3.209,49.14,286,582,1,,1,,2016
0,Jordan Spieth,85,68.846,295.6,60.00,70.01,.278,1.646,1.924,61.76,260,421,6,2340,12,3,2017
1,Rickie Fowler,78,69.083,300.3,63.91,67.03,.852,1.134,1.987,63.86,288,451,6,1253,10,1,2017
2,Justin Thomas,86,69.359,309.7,55.05,67.16,.332,1.479,1.811,60.39,282,467,8,3000,12,5,2017
3,Marc Leishman,94,69.468,298.6,57.94,67.04,.356,1.066,1.422,61.42,328,534,3,1441,7,2,2017
4,Paul Casey,94,69.469,297.5,64.13,70.06,.133,1.410,1.543,64.12,311,485,4,920,9,,2017
5,Rory McIlroy,51,69.529,317.2,55.06,65.63,-.304,1.382,1.078,62.29,185,297,4,901,6,,2017
6,Dustin Johnson,77,69.549,315.0,56.97,69.52,.019,1.862,1.882,62.76,241,384,6,1720,8,4,2017
7,Jon Rahm,90,69.561,305.8,58.66,68.61,.256,1.522,1.778,63.33,297,469,7,1620,11,1,2017
8,Sergio Garcia,65,69.596,301.9,62.33,69.62,-.311,1.356,1.045,61.65,209,339,2,441,3,1,2017
9,Hideki Matsuyama,83,69.624,303.3,58.61,69.01,-.345,1.613,1.267,61.56,261,424,5,1093,7,3,2017
10,Justin Rose,66,69.699,300.9,58.32,68.06,-.063,1.295,1.232,58.97,217,368,4,1080,8,,2017
11,Francesco Molinari,75,69.802,292.4,70.14,67.28,-.089,1.453,1.364,62.74,266,424,4,1247,5,,2017
12,Matt Kuchar,95,69.806,285.4,65.94,66.73,.332,.840,1.173,65.34,360,551,4,648,9,,2017
13,Brooks Koepka,88,69.847,311.1,55.80,63.47,.581,.623,1.204,56.27,296,526,5,1040,7,1,2017
14,Patrick Cantlay,52,69.971,298.9,61.47,69.21,.159,1.111,1.269,60.15,160,266,2,296,4,,2017
15,Tony Finau,106,69.987,309.2,57.53,68.96,-.133,1.280,1.147,59.38,345,581,4,510,8,,2017
16,Kyle Stanley,104,69.989,296.5,68.55,70.39,-.309,1.259,.951,58.35,311,533,4,366,5,1,2017
17,Adam Scott,58,69.996,307.0,56.65,67.05,-.097,1.103,1.006,58.43,201,344,4,642,4,,2017
18,Bill Haas,92,70.011,293.0,59.27,67.91,.055,.868,.923,63.75,313,491,3,1260,4,,2017
19,Webb Simpson,102,70.018,286.5,66.26,65.49,.049,.893,.942,65.20,401,615,2,527,6,,2017
20,Russell Henley,99,70.027,298.0,63.66,67.81,.434,.506,.939,57.12,321,562,3,792,5,1,2017
21,Ian Poulter,72,70.045,283.5,62.55,64.46,.025,.911,.936,67.36,293,435,1,985,2,,2017
22,Brandt Snedeker,53,70.055,281.6,63.58,67.11,.572,.506,1.079,63.18,187,296,4,663,4,,2017
23,Jason Day,71,70.115,306.2,53.94,63.72,.354,.580,.935,57.77,249,431,2,514,5,,2017
24,Daniel Berger,91,70.121,296.9,60.03,66.67,.149,.761,.910,61.63,318,516,4,556,6,1,2017
25,Lucas Glover,93,70.139,298.6,65.37,69.94,-.026,.944,.918,60.16,293,487,4,1085,4,,2017
26,Xander Schauffele,96,70.163,306.8,58.82,68.00,.402,.479,.881,57.55,305,530,2,2151,4,2,2017
27,Phil Mickelson,85,70.168,293.5,55.05,62.85,.337,.711,1.048,60.00,321,535,4,1268,5,,2017
28,Charl Schwartzel,63,70.211,299.1,54.31,61.76,.257,.504,.761,60.05,248,413,3,1081,3,,2017
29,Stewart Cink,93,70.213,296.7,55.13,68.76,.286,.725,1.011,57.93,303,523,3,958,3,,2017
30,Louis Oosthuizen,69,70.220,296.3,61.29,65.23,.530,.705,1.234,63.14,245,388,2,1321,4,,2017
31,Chez Reavie,98,70.244,285.2,71.40,67.31,.417,.423,.840,63.33,354,559,3,1151,4,,2017
32,Pat Perez,93,70.250,290.9,62.00,66.17,.346,.515,.862,63.14,346,548,5,596,6,1,2017
33,Jason Dufner,89,70.259,294.6,63.76,67.21,-.001,.654,.653,57.85,280,484,2,287,2,1,2017
34,Kevin Kisner,105,70.294,289.5,67.76,66.38,.388,.656,1.043,62.06,368,593,6,901,8,1,2017
35,Charley Hoffman,112,70.351,298.7,58.56,66.62,-.012,.903,.892,56.55,367,649,4,473,7,,2017
36,Charles Howell III,86,70.371,296.9,54.72,67.01,.172,.320,.492,62.63,305,487,4,1134,5,,2017
37,Graham DeLaet,82,70.376,301.1,63.68,68.57,.291,.477,.768,56.51,243,430,5,650,6,,2017
38,Jamie Lovemark,98,70.391,304.9,57.39,66.09,-.017,.760,.743,60.07,352,586,3,919,4,,2017
39,Zach Johnson,81,70.393,286.9,67.53,64.21,.417,.215,.631,59.88,297,496,2,1017,4,,2017
40,Kevin Na,86,70.399,283.7,61.26,65.51,.265,.513,.778,61.10,311,509,3,1073,5,,2017
41,Brian Harman,104,70.402,289.9,62.80,63.78,.600,.146,.746,63.19,412,652,6,364,7,1,2017
42,Luke List,102,70.428,311.5,55.63,69.10,-.426,1.117,.691,56.33,307,545,3,1011,3,,2017
43,Bud Cauley,92,70.432,295.9,60.10,67.36,-.273,.803,.530,58.41,302,517,5,816,5,,2017
44,Keegan Bradley,104,70.437,299.8,66.78,68.63,-.216,.769,.553,59.03,340,576,3,1029,5,,2017
45,Martin Laird,83,70.450,296.9,65.66,65.86,.253,.576,.829,60.98,311,510,4,937,5,,2017
46,Patrick Reed,107,70.453,295.6,57.18,62.17,.577,.399,.976,61.23,417,681,1,416,4,,2017
47,Gary Woodland,94,70.482,307.6,59.31,69.48,-.381,1.040,.659,58.28,285,489,4,321,5,,2017
48,Sung Kang,104,70.496,296.4,59.65,66.07,.154,.325,.478,56.98,355,623,2,899,3,,2017
49,Brendan Steele,89,70.503,300.4,62.88,67.26,-.013,.888,.875,58.99,292,495,4,1292,4,1,2017
50,Chad Campbell,97,70.509,285.6,67.21,69.07,-.286,.691,.405,64.63,349,540,2,630,3,,2017
51,Adam Hadwin,98,70.583,291.3,63.20,65.08,.409,.143,.551,62.82,387,616,4,362,5,1,2017
52,Brian Gay,82,70.585,278.7,65.47,63.53,.451,-.168,.282,62.30,319,512,2,426,3,,2017
53,Hudson Swafford,94,70.618,305.1,60.27,68.21,-.005,.319,.314,55.53,286,515,3,1244,4,1,2017
54,J.B. Holmes,83,70.660,307.5,51.27,62.57,-.032,.708,.676,56.64,290,512,1,543,2,,2017
55,Nick Watney,75,70.685,300.9,55.67,66.43,-.113,.284,.171,58.99,246,417,1,386,1,,2017
56,Rafa Cabrera Bello,63,70.693,291.7,61.43,62.69,.473,-.326,.147,59.80,241,403,3,880,4,,2017
57,Robert Streb,98,70.700,294.3,57.58,65.19,.003,.075,.078,58.91,347,589,1,861,3,,2017
58,Ollie Schniederjans,92,70.704,300.7,51.89,66.03,-.019,.402,.383,58.65,312,532,4,897,5,,2017
59,Michael Kim,94,70.707,289.6,59.71,65.68,.229,.017,.247,58.81,327,556,1,483,1,,2017
60,Ryan Moore,82,70.741,288.0,67.90,65.05,-.017,.319,.301,56.74,282,497,2,859,2,,2017
61,Russell Knox,75,70.765,288.6,67.62,66.59,-.349,.165,-.183,57.48,242,421,3,687,4,,2017
62,Kevin Chappell,95,70.779,305.0,58.78,65.25,-.303,.841,.538,56.84,320,563,3,352,5,1,2017
63,Emiliano Grillo,90,70.798,293.3,65.44,66.99,-.173,.532,.359,55.71,288,517,2,812,2,,2017
64,Anirban Lahiri,72,70.799,297.0,59.82,63.43,-.336,.149,-.186,55.06,261,474,2,989,3,,2017
65,Sean O'Hair,84,70.801,297.5,60.61,66.40,.107,.269,.376,57.28,291,508,4,877,5,,2017
66,Scott Stallings,81,70.811,297.6,57.04,67.89,-.320,.339,.020,55.51,247,445,1,482,3,,2017
67,Chris Stroud,67,70.815,286.8,65.70,66.20,-.126,.139,.013,59.33,213,359,1,627,3,1,2017
68,Nick Taylor,97,70.817,291.6,61.66,66.14,-.191,.342,.151,61.83,358,579,3,554,4,,2017
69,Luke Donald,50,70.831,278.5,56.50,61.92,.704,-.657,.047,59.88,197,329,1,456,1,,2017
70,Billy Horschel,88,70.832,300.1,60.07,67.89,.084,-.080,.004,54.33,270,497,4,1086,4,1,2017
71,Harris English,84,70.848,301.9,51.42,63.96,.374,-.336,.038,59.43,293,493,2,397,2,,2017
72,John Huh,92,70.851,287.1,64.09,65.78,.124,-.026,.099,63.65,345,542,2,382,2,,2017
73,Danny Lee,93,70.860,291.1,62.72,66.10,.247,.078,.325,55.43,301,543,2,697,4,,2017
74,Branden Grace,70,70.862,292.0,58.47,66.40,-.248,.518,.271,61.42,234,381,1,640,2,,2017
75,Bryson DeChambeau,91,70.866,299.4,58.34,65.48,-.193,.383,.190,57.32,317,553,1,1017,2,1,2017
76,Kevin Tway,96,70.868,309.2,52.48,64.71,.261,.172,.433,59.03,330,559,3,740,3,,2017
77,Kevin Streelman,90,70.873,294.0,66.01,66.67,-.281,.450,.169,60.04,317,528,1,617,2,,2017
78,Camilo Villegas,76,70.881,288.7,54.37,61.88,.400,-.182,.218,62.35,308,494,2,542,2,,2017
79,Martin Flores,88,70.885,300.6,52.79,70.64,.242,-.257,-.015,57.01,244,428,1,461,2,,2017
80,Byeong Hun An,77,70.887,300.3,57.17,64.04,-.375,.964,.589,56.22,262,466,3,468,3,,2017
81,Cameron Smith,86,70.909,292.6,56.26,63.14,.084,.418,.502,58.64,319,544,3,1065,4,1,2017
82,Sam Saunders,76,70.921,293.6,64.69,65.24,.138,-.068,.071,58.45,256,438,1,354,2,,2017
83,James Hahn,96,70.925,293.9,63.14,66.09,.036,.223,.260,60.58,355,586,3,801,4,,2017
84,Jim Herman,77,70.931,292.5,69.02,68.07,-.127,.495,.368,56.15,242,431,2,565,2,,2017
85,Scott Brown,95,70.932,289.0,63.89,64.35,.276,-.344,-.068,59.08,345,584,2,951,2,,2017
86,Seung-Yul Noh,91,70.955,298.5,53.09,65.58,.244,-.058,.186,59.18,319,539,3,446,3,,2017
87,Jason Kokrak,95,70.961,306.4,59.32,66.78,-.405,.458,.052,53.87,306,568,1,649,1,,2017
88,Whee Kim,74,70.964,290.0,55.37,62.58,.443,-.651,-.208,62.27,302,485,2,583,2,,2017
89,J.T. Poston,95,70.982,295.5,59.44,65.52,-.117,.147,.031,59.07,319,540,1,340,1,,2017
90,Shawn Stefani,72,70.983,294.0,60.53,67.48,-.057,.014,-.043,59.55,237,398,1,,1,,2017
91,J.J. Spaun,92,70.999,291.5,65.11,67.12,-.027,-.045,-.072,59.14,301,509,3,541,3,,2017
92,Zac Blair,105,71.007,272.7,69.70,64.70,.035,-.078,-.044,65.50,412,629,1,364,1,,2017
93,Trey Mullinax,88,71.027,309.6,54.59,67.01,-.057,.063,.006,56.26,274,487,1,330,1,,2017
94,Cameron Percy,71,71.030,292.5,60.18,69.91,-.205,.123,-.082,60.23,212,352,1,291,1,,2017
95,Mackenzie Hughes,106,71.044,294.3,59.63,64.74,.492,-.320,.172,58.64,387,660,2,1257,2,1,2017
96,Jhonattan Vegas,95,71.054,301.3,57.67,65.93,-.413,.506,.093,57.61,318,552,2,384,4,1,2017
97,Geoff Ogilvy,80,71.056,286.5,62.59,65.51,.043,-.195,-.152,60.85,272,447,1,450,1,,2017
98,Wesley Bryan,95,71.062,279.8,57.87,60.50,.340,-.337,.002,60.59,392,647,4,1092,5,1,2017
99,Grayson Murray,94,71.064,308.2,56.01,63.95,-.082,.146,.064,53.77,314,584,1,816,2,1,2017
100,Jim Furyk,54,71.071,271.4,72.07,66.12,.187,-.036,.151,60.45,188,311,1,,1,,2017
101,Ben Crane,86,71.091,278.5,67.97,65.68,-.155,-.068,-.223,59.02,288,488,1,281,1,,2017
102,David Hearn,93,71.107,281.0,66.75,64.71,-.052,-.044,-.096,61.85,334,540,1,359,2,,2017
103,Morgan Hoffmann,92,71.107,293.9,60.39,63.57,.078,-.138,-.060,60.14,347,577,1,632,1,,2017
104,C.T. Pan,88,71.109,287.2,64.20,67.25,-.013,-.074,-.087,60.55,307,507,2,594,3,,2017
105,Ryan Palmer,61,71.116,303.2,57.76,66.46,-1.159,1.030,-.129,56.88,182,320,2,336,3,,2017
106,William McGirt,89,71.151,285.2,69.96,67.20,-.025,-.072,-.098,56.53,277,490,3,621,3,,2017
107,Jimmy Walker,68,71.155,295.7,56.59,63.57,.135,.138,.273,57.25,229,400,1,439,1,,2017
108,Blayne Barber,77,71.163,291.2,61.62,67.61,.402,-.389,.013,55.80,231,414,1,381,1,,2017
109,J.J. Henry,92,71.164,294.1,62.58,69.44,-.430,.258,-.172,56.66,268,473,1,365,2,,2017
110,Richy Werenski,81,71.171,291.2,65.92,67.42,.000,-.223,-.223,60.60,263,434,1,455,3,,2017
111,Bubba Watson,71,71.175,305.8,59.50,62.87,-.187,.272,.085,55.34,233,421,3,658,4,,2017
112,Billy Hurley III,80,71.176,276.9,60.57,63.61,.374,-.263,.110,58.78,308,524,1,333,1,,2017
113,Tyrone Van Aswegen,105,71.181,287.2,59.79,66.38,-.320,.103,-.217,58.94,346,587,1,407,1,,2017
114,Daniel Summerhays,100,71.197,287.1,63.67,63.42,.110,-.062,.049,56.22,348,619,1,348,1,,2017
115,Michael Thompson,60,71.207,284.8,61.72,63.69,.840,-1.013,-.173,58.74,215,366,1,278,1,,2017
116,Scott Piercy,70,71.235,295.9,59.68,66.75,-.526,.251,-.275,49.88,200,401,4,532,4,,2017
117,Chris Kirk,89,71.255,287.0,63.93,66.73,-.074,-.155,-.228,54.73,272,497,3,562,3,,2017
118,Jonas Blixt,74,71.283,288.8,60.10,61.51,.536,-.877,-.341,58.56,284,485,1,631,1,1,2017
119,D.A. Points,68,71.315,278.1,65.83,66.83,-.478,.071,-.406,55.67,226,406,1,457,1,1,2017
120,Tom Hoge,54,71.326,285.1,55.99,66.06,.019,-.293,-.274,60.14,169,281,1,,2,,2017
121,Julián Etulain,68,71.338,293.5,63.34,66.75,.078,-.385,-.307,58.62,221,377,1,,1,,2017
122,Cameron Tringale,89,71.343,280.9,58.15,64.39,.125,-.265,-.140,58.83,313,532,2,337,3,,2017
123,Søren Kjeldsen,58,71.390,273.6,69.21,62.02,.473,-.655,-.182,51.64,173,335,1,283,1,,2017
124,Retief Goosen,52,71.425,291.8,57.79,63.89,-.425,.035,-.390,60.20,180,299,1,,1,,2017
125,Johnson Wagner,71,71.429,288.1,63.18,66.93,.120,-.456,-.336,55.73,209,375,1,321,2,,2017
126,Smylie Kaufman,76,71.432,304.8,54.79,65.26,-.137,-.040,-.177,55.18,245,444,1,316,1,,2017
127,Patrick Rodgers,76,71.432,306.3,52.90,65.84,-.066,-.650,-.716,53.63,244,455,2,649,3,,2017
128,Aaron Baddeley,61,71.483,292.6,52.25,62.57,.044,-.216,-.172,59.90,230,384,2,325,2,,2017
129,Dominic Bozzelli,69,71.490,294.4,56.57,61.97,-.033,-.417,-.449,57.75,257,445,3,394,3,,2017
130,Kelly Kraft,75,71.491,291.9,60.06,63.15,-.157,-.524,-.681,53.50,252,471,2,684,3,,2017
131,Mark Anderson,54,71.500,283.8,59.97,65.60,-.016,-.309,-.325,61.18,197,322,1,,1,,2017
132,Derek Fathauer,81,71.568,286.5,55.49,62.81,.094,-.740,-.647,53.78,270,502,1,408,2,,2017
133,Steve Wheatcroft,51,71.577,280.5,68.24,60.99,.479,-.641,-.162,63.64,210,330,1,,1,,2017
134,Cody Gribble,79,71.581,297.2,54.77,62.70,.461,-.985,-.524,54.74,283,517,2,614,2,1,2017
135,Patton Kizzire,84,71.598,293.0,52.54,63.52,-.103,-.475,-.578,54.31,271,499,2,519,3,,2017
136,Jonathan Randolph,68,71.642,287.7,64.25,62.87,-.076,-.340,-.416,56.77,239,421,1,,1,,2017
137,Chad Collins,66,71.770,281.4,59.31,60.93,.079,-.533,-.454,63.07,275,436,1,305,2,,2017
138,Rod Pampling,71,71.861,287.8,60.83,64.01,-.518,-.158,-.677,52.83,243,460,1,660,1,1,2017
139,Ryo Ishikawa,56,71.990,288.8,51.92,63.29,-.204,-.928,-1.132,57.84,214,370,1,,1,,2017
140,Si Woo Kim,80,72.253,289.8,57.03,59.63,-.392,-.573,-.965,55.41,302,545,2,956,2,1,2017
141,Andrew Loupe,55,72.803,311.3,45.93,59.83,-.242,-1.175,-1.416,50.27,189,376,1,,1,,2017
0,Dustin Johnson,77,68.698,314.0,59.46,70.57,.385,1.987,2.372,62.50,245,392,8,2056,12,3,2018
1,Justin Rose,70,68.993,303.5,66.02,69.95,.424,1.527,1.952,63.03,225,357,7,2260,11,2,2018
2,Justin Thomas,91,69.118,311.8,58.41,68.77,.272,1.563,1.835,62.47,288,461,6,1610,10,3,2018
3,Webb Simpson,95,69.293,293.7,62.34,67.93,.692,.741,1.432,66.10,351,531,6,844,9,1,2018
4,Rory McIlroy,64,69.303,319.7,55.79,66.30,.060,1.351,1.412,62.97,233,370,3,602,7,1,2018
5,Tommy Fleetwood,73,69.342,306.9,64.98,69.36,.324,1.282,1.606,55.77,203,364,4,483,6,,2018
6,Tiger Woods,68,69.350,303.6,59.35,67.40,.266,1.330,1.596,64.16,256,399,2,2219,7,1,2018
7,Rickie Fowler,74,69.435,299.8,65.33,69.52,.296,.980,1.275,63.05,256,406,4,512,6,,2018
8,Brooks Koepka,64,69.444,313.4,56.85,68.28,.168,1.052,1.220,63.28,224,354,3,1093,6,2,2018
9,Tony Finau,105,69.520,315.1,55.09,70.18,.232,1.203,1.435,57.22,301,526,6,1732,11,,2018
10,Jason Day,75,69.603,310.0,58.32,65.28,.770,.515,1.285,62.35,265,425,4,564,5,2,2018
11,Henrik Stenson,60,69.617,291.5,75.19,73.51,-.207,1.360,1.153,60.67,162,267,5,990,5,,2018
12,Bryson DeChambeau,93,69.646,305.7,62.23,69.65,.346,1.212,1.558,59.84,304,508,6,2188,9,3,2018
13,Paul Casey,74,69.850,304.3,63.14,67.84,.133,.833,.966,60.58,249,411,4,403,5,1,2018
14,Rafa Cabrera Bello,75,69.887,295.1,67.85,70.16,.273,.839,1.112,57.98,218,376,3,1175,5,,2018
15,Patrick Cantlay,87,69.899,303.1,61.58,70.69,-.182,1.278,1.096,57.58,243,422,5,453,7,1,2018
16,Jordan Spieth,81,69.904,299.8,61.55,70.47,-.034,.863,.830,61.63,249,404,4,1323,5,,2018
17,Zach Johnson,94,69.911,289.8,63.88,67.43,.206,.829,1.035,62.35,318,510,2,981,2,,2018
18,Jon Rahm,71,69.958,308.9,59.20,70.12,-.151,1.039,.889,57.18,203,355,4,422,5,1,2018
19,Alex Noren,67,69.973,299.2,61.73,64.91,.758,.286,1.044,61.74,234,379,3,1169,3,,2018
20,Ryan Moore,78,70.015,289.2,71.94,68.80,-.271,1.211,.941,64.16,281,438,4,806,5,,2018
21,Hideki Matsuyama,75,70.022,302.0,62.82,69.29,.132,1.064,1.196,60.80,242,398,2,602,4,,2018
22,Tyrrell Hatton,58,70.091,298.8,61.84,66.46,.335,.603,.938,62.58,204,326,3,1041,4,,2018
23,Phil Mickelson,90,70.098,300.3,52.91,64.88,.510,.420,.931,58.36,321,550,6,448,6,1,2018
24,Patrick Reed,94,70.106,298.1,55.11,63.57,.164,.783,.947,62.94,355,564,7,438,7,1,2018
25,Emiliano Grillo,94,70.152,295.2,70.16,68.84,.546,.587,1.133,61.05,315,516,5,1270,6,,2018
26,Billy Horschel,86,70.154,295.4,67.80,71.75,.392,.720,1.112,58.03,242,417,2,1840,6,1,2018
27,Louis Oosthuizen,62,70.157,299.8,64.81,65.74,-.026,.548,.521,64.26,214,333,3,847,3,,2018
28,Gary Woodland,96,70.161,313.5,63.69,70.51,.007,1.059,1.066,54.45,263,483,2,385,3,1,2018
29,Byeong Hun An,86,70.190,307.9,60.19,67.99,-.285,1.091,.805,61.16,296,484,3,1170,4,,2018
30,Charles Howell III,104,70.219,300.9,62.59,69.33,.219,.582,.801,60.87,336,552,4,1041,4,,2018
31,Luke List,98,70.229,314.6,54.66,68.36,-.467,1.337,.870,58.41,316,541,5,1150,5,,2018
32,Aaron Wise,90,70.247,302.9,63.33,68.81,.238,.464,.703,56.28,278,494,2,418,4,1,2018
33,Marc Leishman,93,70.260,298.5,60.17,66.67,.126,.498,.624,59.07,319,540,6,284,6,,2018
34,Brian Gay,103,70.280,282.9,71.37,64.52,.442,.123,.565,63.26,408,645,3,949,6,,2018
35,Kevin Na,91,70.288,289.6,64.13,64.66,.533,.268,.801,63.62,348,547,3,336,4,1,2018
36,Keegan Bradley,98,70.303,299.6,67.90,69.18,-.358,1.151,.793,56.78,293,516,3,1253,5,1,2018
37,Chesson Hadley,103,70.311,300.0,60.07,67.68,.208,.650,.859,56.60,326,576,6,1163,7,,2018
38,Daniel Berger,81,70.320,297.7,64.58,66.89,.319,.497,.816,58.94,267,453,1,839,1,,2018
39,Jim Furyk,50,70.342,280.5,69.91,63.19,.389,.023,.412,62.58,199,318,1,291,2,,2018
40,Brandt Snedeker,84,70.379,293.1,62.79,65.04,.478,.147,.625,60.08,310,516,1,1188,4,1,2018
41,Bubba Watson,90,70.384,313.1,58.27,68.21,.001,.554,.555,56.64,256,452,4,918,6,3,2018
42,Kyle Stanley,93,70.404,295.7,71.29,71.09,.037,.649,.686,54.80,251,458,4,373,5,,2018
43,Chris Kirk,108,70.411,289.8,64.64,68.24,.073,.659,.732,63.53,385,606,4,888,4,,2018
44,Branden Grace,67,70.412,298.9,63.49,67.10,.350,.463,.812,57.78,219,379,2,634,2,,2018
45,Adam Scott,78,70.420,304.6,62.51,70.66,-.285,1.064,.779,54.85,226,412,1,1081,3,,2018
46,Chez Reavie,93,70.432,286.5,72.24,68.67,.192,.483,.674,62.27,302,485,3,1252,3,,2018
47,Kevin Streelman,94,70.436,295.1,69.11,71.56,-.250,.868,.619,60.93,287,471,4,724,5,,2018
48,Stewart Cink,87,70.440,298.1,57.60,68.58,-.345,.810,.465,55.69,274,492,1,775,3,,2018
49,Jason Kokrak,99,70.444,309.5,58.06,70.37,.022,.517,.539,55.11,291,528,3,1053,4,,2018
50,Matt Kuchar,88,70.461,288.0,63.27,66.81,.348,.228,.576,63.60,304,478,3,740,4,,2018
51,Austin Cook,107,70.469,292.3,66.76,66.51,.315,.254,.569,62.02,400,645,2,1203,3,1,2018
52,Xander Schauffele,96,70.486,304.9,59.77,65.59,.196,.448,.644,57.81,333,576,4,581,7,,2018
53,Russell Henley,77,70.489,293.0,70.03,68.77,.167,.374,.541,54.33,226,416,1,589,3,,2018
54,Cameron Smith,85,70.517,298.4,57.03,63.18,.115,.104,.219,61.12,316,517,5,660,7,,2018
55,J.J. Spaun,85,70.525,298.2,66.18,69.48,-.149,.441,.292,55.76,242,434,3,919,4,,2018
56,Brian Harman,94,70.536,291.9,67.14,67.59,.273,.017,.290,56.95,299,525,7,1129,8,,2018
57,Russell Knox,94,70.568,291.7,67.70,69.57,-.088,.471,.383,59.43,293,493,3,629,3,,2018
58,Beau Hossler,104,70.574,300.0,60.47,67.95,.685,-.101,.584,60.00,360,600,3,1134,5,,2018
59,Peter Uihlein,83,70.578,302.2,52.93,67.88,.021,.247,.268,57.87,261,451,4,911,4,,2018
60,Andrew Putnam,97,70.579,293.8,60.42,70.47,.052,.420,.472,61.52,291,473,3,1267,5,1,2018
61,Ian Poulter,73,70.593,293.6,66.41,67.01,.223,.627,.850,57.11,217,380,3,1090,4,1,2018
62,Pat Perez,82,70.594,290.9,65.09,67.78,.115,-.163,-.048,55.63,242,435,4,1190,4,1,2018
63,Kiradech Aphibarnrat,51,70.629,294.7,65.12,62.20,.138,.373,.511,55.59,174,313,2,,2,,2018
64,Ollie Schniederjans,91,70.641,301.4,52.22,62.77,.325,-.071,.254,56.95,332,583,2,573,3,,2018
65,Abraham Ancer,98,70.659,296.1,63.64,66.49,-.056,.376,.320,62.69,363,579,2,938,5,,2018
66,Anirban Lahiri,82,70.660,294.0,60.09,64.70,.199,-.095,.104,58.35,304,521,2,566,4,,2018
67,Alex Cejka,77,70.675,286.7,66.49,63.77,.009,.302,.312,64.00,288,450,2,524,2,,2018
68,Vaughn Taylor,83,70.692,286.1,67.51,67.02,-.080,.299,.219,59.91,281,469,2,445,3,,2018
69,Rory Sabbatini,91,70.693,292.3,62.05,67.85,.059,.299,.358,61.36,316,515,1,521,1,,2018
70,John Huh,94,70.718,287.1,63.83,65.80,.167,.083,.251,57.94,321,554,1,480,2,,2018
71,Scott Stallings,96,70.719,299.7,56.57,65.62,-.070,.341,.270,60.86,339,557,2,608,2,,2018
72,Brandon Harkins,101,70.721,303.1,54.79,65.67,.225,.050,.275,55.88,328,587,2,545,3,,2018
73,Kevin Kisner,89,70.729,290.8,66.33,65.38,.513,-.476,.037,60.29,293,486,3,1132,4,,2018
74,Patrick Rodgers,97,70.731,303.5,61.14,65.65,.561,-.328,.232,57.22,329,575,3,541,3,,2018
75,Jamie Lovemark,92,70.734,303.2,56.92,64.65,.010,.378,.388,61.07,342,560,3,664,3,,2018
76,Scott Piercy,84,70.736,296.6,65.68,69.72,-.569,.859,.290,55.96,244,436,2,872,2,1,2018
77,Corey Conners,97,70.743,303.3,62.99,70.19,-.385,.579,.193,57.52,287,499,1,353,1,,2018
78,Adam Hadwin,92,70.750,289.4,65.60,68.04,.106,.490,.596,58.59,300,512,3,1226,3,,2018
79,Ryan Armour,109,70.758,283.5,73.58,68.22,-.058,.395,.337,60.13,368,612,1,1113,3,1,2018
80,Jimmy Walker,81,70.786,299.0,53.49,61.90,.324,.033,.357,59.09,312,528,4,741,4,,2018
81,J.B. Holmes,77,70.789,306.1,57.13,65.26,-.207,.756,.549,57.14,268,469,2,668,3,,2018
82,William McGirt,84,70.791,289.3,59.89,67.59,.200,-.021,.178,62.86,286,455,2,449,3,,2018
83,Sam Saunders,80,70.794,302.8,60.14,65.02,.094,.132,.226,55.79,260,466,2,437,4,,2018
84,Kevin Tway,110,70.800,310.1,52.61,66.88,.052,.277,.329,56.77,352,620,2,643,3,,2018
85,Trey Mullinax,75,70.815,318.3,54.94,65.38,.072,-.144,-.072,54.42,234,430,3,550,3,,2018
86,Kevin Chappell,77,70.839,308.6,61.27,66.52,-.344,.668,.323,56.28,251,446,3,667,4,,2018
87,Martin Laird,73,70.839,299.0,63.22,65.90,.282,.189,.470,59.15,236,399,3,453,3,,2018
88,Patton Kizzire,92,70.841,298.7,55.59,69.04,.030,-.063,-.033,55.24,274,496,4,275,4,2,2018
89,Aaron Baddeley,84,70.850,295.3,53.27,63.39,-.057,.366,.309,61.09,314,514,1,342,1,,2018
90,Denny McCarthy,71,70.861,295.4,63.45,68.17,.449,-.355,.094,59.83,216,361,1,267,1,,2018
91,Nick Watney,94,70.862,307.5,56.33,67.96,.200,.143,.343,55.68,289,519,1,760,1,,2018
92,Seamus Power,86,70.869,302.6,55.19,65.17,.498,-.319,.178,63.80,312,489,2,455,2,,2018
93,Troy Merritt,89,70.888,295.4,62.93,65.16,.077,.132,.209,57.60,307,533,2,616,3,1,2018
94,James Hahn,85,70.896,298.7,63.73,68.29,-.152,.431,.279,59.62,279,468,1,666,1,,2018
95,Cameron Percy,56,70.909,295.6,63.66,69.56,-.205,.490,.285,57.30,157,274,1,,2,,2018
96,Sam Ryder,82,70.914,297.3,66.91,72.08,-.349,.503,.154,56.47,227,402,1,551,3,,2018
97,J.T. Poston,73,70.915,300.7,61.53,68.31,.135,.003,.138,57.53,233,405,1,448,2,,2018
98,Keith Mitchell,99,70.920,312.6,58.59,69.42,-.504,.486,-.018,56.55,302,534,3,878,4,,2018
99,Tom Hoge,101,70.945,291.4,62.43,63.62,-.162,.235,.074,61.41,374,609,3,608,3,,2018
100,Harold Varner III,91,70.971,308.2,59.02,67.79,-.024,.149,.125,58.14,300,516,1,524,3,,2018
101,Ben Martin,64,70.974,289.6,63.52,63.98,.118,-.119,-.001,58.80,244,415,1,266,1,,2018
102,Ryan Blaum,81,70.993,289.0,64.31,66.10,.025,-.058,-.033,55.46,264,476,2,433,2,,2018
103,Graeme McDowell,67,71.001,293.2,64.92,64.50,.478,.219,.697,59.95,226,377,1,274,1,,2018
104,Brice Garnett,99,71.018,296.7,64.45,66.78,-.076,-.234,-.310,58.63,333,568,2,933,2,1,2018
105,Brendan Steele,74,71.021,310.3,60.47,69.24,-.576,.604,.029,52.56,195,371,3,1015,3,1,2018
106,"Ted Potter, Jr.",87,71.024,286.0,66.83,63.03,.074,-.169,-.094,57.51,333,579,1,889,1,1,2018
107,Bill Haas,76,71.028,296.2,57.27,64.79,-.059,.139,.079,60.34,283,469,1,,1,,2018
108,Ryan Palmer,69,71.031,305.2,59.11,65.61,-.528,.297,-.231,55.38,216,390,1,916,3,,2018
109,Brian Stuard,103,71.038,278.9,71.44,67.12,.164,-.101,.062,59.23,340,574,3,654,3,,2018
110,Tyler Duncan,97,71.040,294.4,66.74,69.65,-.566,.583,.017,52.76,268,508,2,457,2,,2018
111,Andrew Landry,82,71.059,291.1,62.92,65.63,-.010,-.029,-.039,56.97,282,495,4,1225,5,1,2018
112,Lucas Glover,65,71.066,297.7,65.06,67.12,-.186,.462,.276,59.83,216,361,1,324,1,,2018
113,Ben Crane,65,71.097,281.1,67.52,64.88,.332,-.157,.176,63.00,235,373,1,267,1,,2018
114,Harris English,84,71.162,302.4,58.99,63.32,.222,-.406,-.184,57.86,298,515,2,383,2,,2018
115,Richy Werenski,98,71.185,291.8,65.06,66.97,-.109,-.014,-.124,56.49,309,547,1,498,2,,2018
116,Shawn Stefani,76,71.192,299.6,56.52,67.49,-.034,.141,.107,58.43,253,433,1,268,1,,2018
117,Danny Lee,88,71.196,290.6,62.65,65.05,.156,-.099,.058,60.81,329,541,2,587,3,,2018
118,Tyrone Van Aswegen,101,71.243,290.3,56.98,65.23,-.010,-.313,-.323,58.08,338,582,1,364,1,,2018
119,Tom Lovelady,87,71.252,315.9,54.73,67.08,-.049,-.140,-.190,52.08,250,480,1,332,2,,2018
120,Nick Taylor,94,71.269,292.7,60.94,67.65,-.312,.077,-.235,61.83,324,524,1,420,2,,2018
121,Jhonattan Vegas,92,71.275,303.6,57.91,65.17,-.059,.089,.030,58.60,327,558,1,598,1,,2018
122,Ben Silverman,90,71.281,290.2,65.56,64.95,.238,-.444,-.206,57.36,304,530,2,323,2,,2018
123,Jason Dufner,71,71.323,297.1,63.30,64.24,-.058,.068,.011,58.25,240,412,2,557,2,,2018
124,David Hearn,66,71.325,285.1,66.63,68.89,-.127,.095,-.031,55.65,187,336,1,315,2,,2018
125,Scott Brown,102,71.329,292.6,62.03,65.65,.049,-.710,-.661,54.79,332,606,2,422,2,,2018
126,Kelly Kraft,94,71.333,288.6,65.84,63.83,.075,-.395,-.320,58.93,353,599,2,627,3,,2018
127,Nicholas Lindheim,77,71.344,293.5,60.44,68.04,.355,-.678,-.323,53.90,214,397,1,272,1,,2018
128,Charl Schwartzel,65,71.349,299.5,55.19,61.11,.081,-.276,-.195,57.88,235,406,3,528,3,,2018
129,Bud Cauley,55,71.356,295.4,60.81,64.26,.367,.094,.461,60.12,205,341,2,405,2,,2018
130,Si Woo Kim,108,71.367,290.8,60.68,63.78,-.168,.077,-.092,57.23,388,678,4,1026,5,,2018
131,Adam Schenk,86,71.370,305.5,57.67,67.92,.130,-.280,-.150,54.55,252,462,1,,1,,2018
132,J.J. Henry,81,71.372,291.8,66.22,70.52,-.569,.376,-.193,54.77,218,398,1,,1,,2018
133,Retief Goosen,60,71.409,296.2,55.22,61.75,-.411,-.085,-.497,56.98,204,358,1,,1,,2018
134,Robert Garrigus,80,71.457,307.9,56.37,65.28,-.569,.356,-.213,56.84,270,475,1,353,1,,2018
135,Whee Kim,93,71.477,285.8,61.11,63.55,.427,-.864,-.437,58.56,342,584,2,805,3,,2018
136,Sean O'Hair,67,71.479,302.7,60.09,63.84,-.207,-.026,-.233,57.56,236,410,2,526,2,,2018
137,Xinjun Zhang,81,71.486,298.7,65.33,67.04,-.437,-.297,-.734,58.20,259,445,1,,1,,2018
138,Ricky Barnes,65,71.663,290.6,47.15,63.75,.338,-.703,-.365,57.40,221,385,1,,1,,2018
139,Derek Fathauer,84,71.827,289.1,53.27,60.35,.363,-1.170,-.807,54.99,314,571,1,316,1,,2018
140,Martin Piller,79,71.929,292.2,58.51,60.39,.119,-1.246,-1.127,57.74,317,549,2,371,2,,2018
141,Jonathan Randolph,71,71.945,289.4,62.18,60.43,.115,-.992,-.877,59.83,277,463,1,,1,,2018
142,Sung Kang,89,71.954,293.1,56.72,63.20,-.235,-.806,-1.041,52.40,295,563,1,490,2,,2018
143,Matt Every,79,72.044,294.2,55.50,64.59,-.364,-.775,-1.139,52.51,251,478,1,,1,,2018
144,Grayson Murray,72,72.091,307.3,56.00,62.50,-.350,.014,-.336,54.32,264,486,2,438,2,,2018
145,Satoshi Kodaira,51,72.182,293.6,65.53,60.30,-.645,-1.187,-1.832,51.02,175,343,1,600,1,1,2018
146,Greg Chalmers,56,72.531,282.8,58.90,56.94,.790,-2.056,-1.266,52.85,213,403,1,,1,,2018
147,Daniel Summerhays,51,73.177,287.1,54.69,56.79,.736,-2.840,-2.105,54.86,192,350,1,,1,,2018
